Network,Station,Name,Latitude,Longitude,Elevation,Sensitivity,Site,Vs30
YN,D8114,YN D8114 BHZ ,26.240000,104.110000,0.0,70000000000.0,,
YN,QL001,YN QL001 BHZ ,26.870000,99.380000,0.0,70000000000.0,,
XZ,A0047,XZ A0047 BHZ ,29.750000,91.450000,0.0,70000000000.0,,
YN,E0109,YN E0109 BHZ ,25.010000,100.950000,0.0,70000000000.0,,
YN,L2903,YN L2903 BHZ ,25.710000,99.400000,0.0,70000000000.0,,
GZ,F0002,GZ F0002 BHZ ,27.300000,105.270000,0.0,70000000000.0,,
GS,WUDMJ,GS WUDMJ BHZ ,33.540000,104.920000,0.0,70000000000.0,,
HE,B0043,HE B0043 BHZ ,39.500000,118.410000,0.0,70000000000.0,,
CQ,TOLTP,CQ TOLTP BHZ ,29.920000,105.980000,0.0,70000000000.0,,
GS,K0039,GS K0039 BHZ ,33.840000,105.220000,0.0,70000000000.0,,
JS,F0003,JS F0003 BHZ ,32.400000,120.820000,0.0,70000000000.0,,
TJ,A0034,TJ A0034 BHZ ,38.750000,116.770000,0.0,70000000000.0,,
XJ,AHQ,XJ AHQ BHZ ,40.930000,78.460000,0.0,70000000000.0,,
SC,UM006,SC UM006 BHZ ,31.870000,102.480000,0.0,70000000000.0,,
SC,T2602,SC T2602 BHZ ,30.270000,102.940000,0.0,70000000000.0,,
GD,A1803,GD A1803 BHZ ,23.170000,113.750000,0.0,70000000000.0,,
YN,PY003,YN PY003 BHZ ,26.760000,100.490000,0.0,70000000000.0,,
FJ,C5204,FJ C5204 BHZ ,25.150000,118.820000,0.0,70000000000.0,,
YN,FE003,YN FE003 BHZ ,24.080000,102.200000,0.0,70000000000.0,,
LN,B0025,LN B0025 BHZ ,39.770000,122.470000,0.0,70000000000.0,,
GS,ZQUQG,GS ZQUQG BHZ ,33.360000,104.670000,0.0,70000000000.0,,
SC,UL002,SC UL002 BHZ ,31.530000,102.900000,0.0,70000000000.0,,
SC,V2471,SC V2471 BHZ ,28.820000,101.630000,0.0,70000000000.0,,
YN,P2204,YN P2204 BHZ ,26.310000,100.630000,0.0,70000000000.0,,
SC,V3172,SC V3172 BHZ ,31.370000,98.910000,0.0,70000000000.0,,
GX,LZXZS,GX LZXZS BHZ ,24.590000,109.920000,0.0,70000000000.0,,
YN,S0205,YN S0205 BHZ ,23.660000,100.320000,0.0,70000000000.0,,
SC,UA001,SC UA001 BHZ ,32.860000,101.990000,0.0,70000000000.0,,
SC,U2605,SC U2605 BHZ ,31.810000,101.490000,0.0,70000000000.0,,
SC,NLXJ,SC NLXJ BHZ ,32.360000,100.360000,0.0,70000000000.0,,
YN,C2806,YN C2806 BHZ ,27.480000,104.010000,0.0,70000000000.0,,
SC,MXTM,SC MXTM BHZ ,31.770000,104.070000,0.0,70000000000.0,,
XJ,NA003,XJ NA003 BHZ ,40.700000,81.770000,0.0,70000000000.0,,
GS,J000B,GS J000B BHZ ,35.850000,104.580000,0.0,70000000000.0,,
GD,RQ002,GD RQ002 BHZ ,23.710000,112.920000,0.0,70000000000.0,,
FJ,H2007,FJ H2007 BHZ ,27.050000,117.870000,0.0,70000000000.0,,
GS,PZ003,GS PZ003 BHZ ,34.840000,103.470000,0.0,70000000000.0,,
YN,E3110,YN E3110 BHZ ,25.330000,101.690000,0.0,70000000000.0,,
YN,K0105,YN K0105 BHZ ,21.720000,100.770000,0.0,70000000000.0,,
SC,W2506,SC W2506 BHZ ,26.270000,102.260000,0.0,70000000000.0,,
QH,D0016,QH D0016 BHZ ,35.740000,102.050000,0.0,70000000000.0,,
GS,L0037,GS L0037 BHZ ,35.450000,106.580000,0.0,70000000000.0,,
SC,D2215,SC D2215 BHZ ,26.920000,101.350000,0.0,70000000000.0,,
FJ,C5615,FJ C5615 BHZ ,25.620000,118.080000,0.0,70000000000.0,,
GX,AN001,GX AN001 BHZ ,22.950000,108.540000,0.0,70000000000.0,,
HE,T0030,HE T0030 BHZ ,37.710000,115.780000,0.0,70000000000.0,,
HE,JJ003,HE JJ003 BHZ ,38.230000,116.540000,0.0,70000000000.0,,
GS,P001C,GS P001C BHZ ,34.730000,103.830000,0.0,70000000000.0,,
SC,51HYP,SC 51HYP BHZ ,29.200000,102.790000,0.0,70000000000.0,,
GD,P2107,GD P2107 BHZ ,23.420000,115.060000,0.0,70000000000.0,,
YN,R0112,YN R0112 BHZ ,28.070000,99.490000,0.0,70000000000.0,,
YN,K0102,YN K0102 BHZ ,21.930000,100.730000,0.0,70000000000.0,,
QH,GOMHX,QH GOMHX BHZ ,36.200000,94.810000,0.0,70000000000.0,,
QH,E0022,QH E0022 BHZ ,36.120000,101.290000,0.0,70000000000.0,,
GS,K0092,GS K0092 BHZ ,34.320000,105.170000,0.0,70000000000.0,,
YN,Q2301,YN Q2301 BHZ ,27.430000,98.820000,0.0,70000000000.0,,
NX,E000B,NX E000B BHZ ,36.670000,105.830000,0.0,70000000000.0,,
HE,A0056,HE A0056 BHZ ,38.220000,113.900000,0.0,70000000000.0,,
GD,V2401,GD V2401 BHZ ,22.960000,116.000000,0.0,70000000000.0,,
GD,M2303,GD M2303 BHZ ,24.070000,116.320000,0.0,70000000000.0,,
GD,A1703,GD A1703 BHZ ,23.750000,113.780000,0.0,70000000000.0,,
YN,C2831,YN C2831 BHZ ,27.850000,104.460000,0.0,70000000000.0,,
GS,L0051,GS L0051 BHZ ,35.350000,106.120000,0.0,70000000000.0,,
CQ,TONHY,CQ TONHY BHZ ,30.260000,105.630000,0.0,70000000000.0,,
NX,E003A,NX E003A BHZ ,36.950000,105.790000,0.0,70000000000.0,,
XJ,M0012,XJ M0012 BHZ ,43.320000,85.010000,0.0,70000000000.0,,
LN,B004A,LN B004A BHZ ,39.640000,121.930000,0.0,70000000000.0,,
FJ,J2009,FJ J2009 BHZ ,26.640000,118.880000,0.0,70000000000.0,,
SD,RJ002,SD RJ002 BHZ ,35.590000,115.500000,0.0,70000000000.0,,
SC,51ZG1,SC 51ZG1 BHZ ,29.340000,104.740000,0.0,70000000000.0,,
SC,HT002,SC HT002 BHZ ,32.770000,105.900000,0.0,70000000000.0,,
SX,B0033,SX B0033 BHZ ,39.700000,114.090000,0.0,70000000000.0,,
AH,A0007,AH A0007 BHZ ,31.820000,116.910000,0.0,70000000000.0,,
XJ,Q0082,XJ Q0082 BHZ ,37.720000,77.240000,0.0,70000000000.0,,
HE,A0052,HE A0052 BHZ ,37.830000,114.580000,0.0,70000000000.0,,
QH,D0005,QH D0005 BHZ ,35.350000,101.900000,0.0,70000000000.0,,
HA,E0010,HA E0010 BHZ ,36.260000,114.150000,0.0,70000000000.0,,
FJ,E6319,FJ E6319 BHZ ,23.950000,117.610000,0.0,70000000000.0,,
GD,M8101,GD M8101 BHZ ,24.080000,115.750000,0.0,70000000000.0,,
HE,A0013,HE A0013 BHZ ,38.650000,114.350000,0.0,70000000000.0,,
HE,A0086,HE A0086 BHZ ,38.060000,115.280000,0.0,70000000000.0,,
XJ,HTTZ0,XJ HTTZ0 BHZ ,37.160000,79.060000,0.0,70000000000.0,,
FJ,AXDP,FJ AXDP BHZ ,24.900000,117.970000,0.0,70000000000.0,,
FJ,A0009,FJ A0009 BHZ ,25.780000,118.860000,0.0,70000000000.0,,
YN,LHQ02,YN LHQ02 BHZ ,26.420000,100.350000,0.0,70000000000.0,,
SC,UJ001,SC UJ001 BHZ ,30.790000,102.210000,0.0,70000000000.0,,
SC,Z2304,SC Z2304 BHZ ,29.920000,103.340000,0.0,70000000000.0,,
FJ,XMTA,FJ XMTA BHZ ,24.760000,118.140000,0.0,70000000000.0,,
YN,C2310,YN C2310 BHZ ,28.120000,104.370000,0.0,70000000000.0,,
FJ,B4406,FJ B4406 BHZ ,25.230000,119.110000,0.0,70000000000.0,,
AH,MQ001,AH MQ001 BHZ ,32.130000,118.290000,0.0,70000000000.0,,
GS,WSXML,GS WSXML BHZ ,34.570000,104.680000,0.0,70000000000.0,,
SC,J2302,SC J2302 BHZ ,30.690000,105.180000,0.0,70000000000.0,,
FJ,J2012,FJ J2012 BHZ ,26.670000,119.200000,0.0,70000000000.0,,
HE,D0004,HE D0004 BHZ ,36.260000,114.520000,0.0,70000000000.0,,
XJ,F0029,XJ F0029 BHZ ,44.140000,80.930000,0.0,70000000000.0,,
JS,M0002,JS M0002 BHZ ,33.100000,120.080000,0.0,70000000000.0,,
YN,E2213,YN E2213 BHZ ,24.320000,101.840000,0.0,70000000000.0,,
YN,J2314,YN J2314 BHZ ,24.650000,100.730000,0.0,70000000000.0,,
SC,T2702,SC T2702 BHZ ,30.400000,102.710000,0.0,70000000000.0,,
GS,FG214,GS FG214 BHZ ,40.410000,96.820000,0.0,70000000000.0,,
JS,J0006,JS J0006 BHZ ,33.230000,119.840000,0.0,70000000000.0,,
SC,SMZJ,SC SMZJ BHZ ,28.710000,99.280000,0.0,70000000000.0,,
YN,LX002,YN LX002 BHZ ,25.300000,100.740000,0.0,70000000000.0,,
SC,S2504,SC S2504 BHZ ,31.010000,107.040000,0.0,70000000000.0,,
TJ,WL001,TJ WL001 BHZ ,39.020000,116.920000,0.0,70000000000.0,,
SC,Q2103,SC Q2103 BHZ ,28.890000,104.410000,0.0,70000000000.0,,
SC,W2801,SC W2801 BHZ ,27.310000,102.570000,0.0,70000000000.0,,
GS,WEGSD,GS WEGSD BHZ ,32.860000,104.860000,0.0,70000000000.0,,
SC,T2403,SC T2403 BHZ ,29.000000,102.300000,0.0,70000000000.0,,
YN,S0206,YN S0206 BHZ ,24.010000,99.950000,0.0,70000000000.0,,
SD,Q0056,SD Q0056 BHZ ,35.900000,118.710000,0.0,70000000000.0,,
LN,B0052,LN B0052 BHZ ,39.850000,122.910000,0.0,70000000000.0,,
YN,Q2506,YN Q2506 BHZ ,26.870000,99.190000,0.0,70000000000.0,,
GD,X0603,GD X0603 BHZ ,22.720000,113.190000,0.0,70000000000.0,,
XZ,A0035,XZ A0035 BHZ ,29.890000,91.780000,0.0,70000000000.0,,
FJ,ZNSC,FJ ZNSC BHZ ,27.110000,119.330000,0.0,70000000000.0,,
GS,E0049,GS E0049 BHZ ,34.820000,106.290000,0.0,70000000000.0,,
YN,JN002,YN JN002 BHZ ,23.050000,101.210000,0.0,70000000000.0,,
SC,LC001,SC LC001 BHZ ,29.170000,103.720000,0.0,70000000000.0,,
FJ,XPSC,FJ XPSC BHZ ,26.850000,119.950000,0.0,70000000000.0,,
SC,A2905,SC A2905 BHZ ,30.480000,103.520000,0.0,70000000000.0,,
YN,N2309,YN N2309 BHZ ,24.700000,97.950000,0.0,70000000000.0,,
FJ,C5303,FJ C5303 BHZ ,24.990000,118.800000,0.0,70000000000.0,,
YN,J2823,YN J2823 BHZ ,22.990000,100.120000,0.0,70000000000.0,,
SD,P0050,SD P0050 BHZ ,36.230000,116.030000,0.0,70000000000.0,,
LN,B0068,LN B0068 BHZ ,38.870000,121.260000,0.0,70000000000.0,,
YN,C0207,YN C0207 BHZ ,27.210000,103.710000,0.0,70000000000.0,,
YN,S2701,YN S2701 BHZ ,23.310000,99.060000,0.0,70000000000.0,,
QH,B0091,QH B0091 BHZ ,35.790000,102.220000,0.0,70000000000.0,,
QH,D0034,QH D0034 BHZ ,34.970000,101.500000,0.0,70000000000.0,,
GX,AB003,GX AB003 BHZ ,23.050000,108.750000,0.0,70000000000.0,,
GS,P001D,GS P001D BHZ ,34.660000,103.190000,0.0,70000000000.0,,
SC,LSLM,SC LSLM BHZ ,30.260000,103.010000,0.0,70000000000.0,,
FJ,H9012,FJ H9012 BHZ ,26.960000,118.460000,0.0,70000000000.0,,
YN,C2708,YN C2708 BHZ ,27.700000,104.790000,0.0,70000000000.0,,
GS,N0002,GS N0002 BHZ ,35.640000,103.310000,0.0,70000000000.0,,
TJ,A0038,TJ A0038 BHZ ,38.710000,116.920000,0.0,70000000000.0,,
HE,B0084,HE B0084 BHZ ,40.150000,118.680000,0.0,70000000000.0,,
YN,M0208,YN M0208 BHZ ,25.270000,99.340000,0.0,70000000000.0,,
XJ,P0019,XJ P0019 BHZ ,39.150000,73.950000,0.0,70000000000.0,,
GD,A1805,GD A1805 BHZ ,23.160000,113.590000,0.0,70000000000.0,,
QH,B0031,QH B0031 BHZ ,36.240000,102.690000,0.0,70000000000.0,,
QH,A0039,QH A0039 BHZ ,36.830000,101.300000,0.0,70000000000.0,,
YN,M0205,YN M0205 BHZ ,25.160000,98.820000,0.0,70000000000.0,,
GD,QY002,GD QY002 BHZ ,22.060000,111.500000,0.0,70000000000.0,,
SD,LSH,SD LSH BHZ ,35.810000,116.080000,0.0,70000000000.0,,
FJ,CN001,FJ CN001 BHZ ,24.960000,118.380000,0.0,70000000000.0,,
SC,A3103,SC A3103 BHZ ,30.320000,103.600000,0.0,70000000000.0,,
HA,F0008,HA F0008 BHZ ,35.970000,114.130000,0.0,70000000000.0,,
XJ,F0071,XJ F0071 BHZ ,43.930000,81.380000,0.0,70000000000.0,,
SC,DFU,SC DFU BHZ ,30.990000,101.120000,0.0,70000000000.0,,
HA,E0032,HA E0032 BHZ ,35.840000,114.320000,0.0,70000000000.0,,
YN,M2301,YN M2301 BHZ ,24.570000,99.030000,0.0,70000000000.0,,
GD,G2512,GD G2512 BHZ ,20.480000,110.510000,0.0,70000000000.0,,
YN,C2530,YN C2530 BHZ ,27.670000,103.500000,0.0,70000000000.0,,
FJ,A0006,FJ A0006 BHZ ,25.810000,118.950000,0.0,70000000000.0,,
FJ,LYJJ,FJ LYJJ BHZ ,26.550000,119.760000,0.0,70000000000.0,,
XJ,Q0005,XJ Q0005 BHZ ,39.960000,78.850000,0.0,70000000000.0,,
YN,E0105,YN E0105 BHZ ,24.930000,101.480000,0.0,70000000000.0,,
GS,D0012,GS D0012 BHZ ,35.760000,105.330000,0.0,70000000000.0,,
SC,J0405,SC J0405 BHZ ,30.400000,105.460000,0.0,70000000000.0,,
YN,P2110,YN P2110 BHZ ,27.270000,100.370000,0.0,70000000000.0,,
FJ,D2101,FJ D2101 BHZ ,24.520000,118.170000,0.0,70000000000.0,,
YN,SYX01,YN SYX01 BHZ ,24.210000,100.190000,0.0,70000000000.0,,
YN,RD004,YN RD004 BHZ ,27.800000,99.300000,0.0,70000000000.0,,
XJ,Q00A0,XJ Q00A0 BHZ ,38.230000,77.370000,0.0,70000000000.0,,
YN,P2416,YN P2416 BHZ ,27.420000,100.790000,0.0,70000000000.0,,
GS,FG205,GS FG205 BHZ ,40.680000,96.420000,0.0,70000000000.0,,
GS,D003D,GS D003D BHZ ,36.410000,105.350000,0.0,70000000000.0,,
GS,N0005,GS N0005 BHZ ,35.720000,103.610000,0.0,70000000000.0,,
YN,D2639,YN D2639 BHZ ,26.560000,103.760000,0.0,70000000000.0,,
YN,J2403,YN J2403 BHZ ,23.060000,100.430000,0.0,70000000000.0,,
YN,N2405,YN N2405 BHZ ,24.250000,98.010000,0.0,70000000000.0,,
SD,P000D,SD P000D BHZ ,36.400000,116.040000,0.0,70000000000.0,,
SD,G003C,SD G003C BHZ ,36.620000,118.530000,0.0,70000000000.0,,
XJ,P0025,XJ P0025 BHZ ,38.420000,76.180000,0.0,70000000000.0,,
GS,H0009,GS H0009 BHZ ,37.830000,102.900000,0.0,70000000000.0,,
HE,F0132,HE F0132 BHZ ,39.270000,114.670000,0.0,70000000000.0,,
YN,J2506,YN J2506 BHZ ,24.060000,100.810000,0.0,70000000000.0,,
GS,D0014,GS D0014 BHZ ,35.850000,105.340000,0.0,70000000000.0,,
GS,K0052,GS K0052 BHZ ,33.680000,106.200000,0.0,70000000000.0,,
FJ,B1002,FJ B1002 BHZ ,25.580000,119.090000,0.0,70000000000.0,,
GD,G8112,GD G8112 BHZ ,21.670000,110.130000,0.0,70000000000.0,,
YN,TUS,YN TUS BHZ ,25.610000,100.250000,0.0,70000000000.0,,
GS,DJ201,GS DJ201 BHZ ,37.400000,104.240000,0.0,70000000000.0,,
XJ,FX003,XJ FX003 BHZ ,43.430000,82.930000,0.0,70000000000.0,,
HE,E0051,HE E0051 BHZ ,36.960000,114.300000,0.0,70000000000.0,,
GZ,EX001,GZ EX001 BHZ ,25.430000,105.180000,0.0,70000000000.0,,
YN,C2226,YN C2226 BHZ ,26.650000,103.160000,0.0,70000000000.0,,
XJ,E0007,XJ E0007 BHZ ,45.030000,82.580000,0.0,70000000000.0,,
YN,KJH02,YN KJH02 BHZ ,21.810000,101.000000,0.0,70000000000.0,,
YN,CY010,YN CY010 BHZ ,28.200000,103.850000,0.0,70000000000.0,,
YN,S2310,YN S2310 BHZ ,24.100000,99.340000,0.0,70000000000.0,,
YN,J2413,YN J2413 BHZ ,23.370000,100.170000,0.0,70000000000.0,,
SC,Z2102,SC Z2102 BHZ ,30.080000,104.140000,0.0,70000000000.0,,
SD,Q007E,SD Q007E BHZ ,35.420000,117.780000,0.0,70000000000.0,,
XJ,B0037,XJ B0037 BHZ ,43.760000,89.130000,0.0,70000000000.0,,
SD,M0039,SD M0039 BHZ ,37.490000,118.080000,0.0,70000000000.0,,
GS,G000D,GS G000D BHZ ,38.020000,101.340000,0.0,70000000000.0,,
TJ,TJH,TJ TJH BHZ ,38.750000,117.560000,0.0,70000000000.0,,
YN,M0216,YN M0216 BHZ ,25.460000,99.020000,0.0,70000000000.0,,
XJ,B0046,XJ B0046 BHZ ,44.300000,86.190000,0.0,70000000000.0,,
FJ,B4407,FJ B4407 BHZ ,25.190000,119.080000,0.0,70000000000.0,,
SC,W2303,SC W2303 BHZ ,27.500000,101.040000,0.0,70000000000.0,,
SD,Q0009,SD Q0009 BHZ ,34.930000,118.480000,0.0,70000000000.0,,
FJ,ZPCH,FJ ZPCH BHZ ,24.140000,117.870000,0.0,70000000000.0,,
FJ,ET001,FJ ET001 BHZ ,24.620000,117.760000,0.0,70000000000.0,,
SC,L2903,SC L2903 BHZ ,29.050000,103.880000,0.0,70000000000.0,,
FJ,A8003,FJ A8003 BHZ ,26.530000,119.740000,0.0,70000000000.0,,
GX,KR001,GX KR001 BHZ ,22.860000,110.540000,0.0,70000000000.0,,
HE,A0101,HE A0101 BHZ ,37.780000,114.960000,0.0,70000000000.0,,
GS,H0011,GS H0011 BHZ ,39.010000,103.680000,0.0,70000000000.0,,
YN,CYJ01,YN CYJ01 BHZ ,28.110000,104.230000,0.0,70000000000.0,,
SD,R0063,SD R0063 BHZ ,35.180000,115.510000,0.0,70000000000.0,,
XJ,E002B,XJ E002B BHZ ,44.950000,81.430000,0.0,70000000000.0,,
YN,A2804,YN A2804 BHZ ,26.190000,102.280000,0.0,70000000000.0,,
FJ,E6411,FJ E6411 BHZ ,23.720000,117.160000,0.0,70000000000.0,,
YN,PY001,YN PY001 BHZ ,26.770000,99.990000,0.0,70000000000.0,,
SD,P003B,SD P003B BHZ ,35.990000,115.480000,0.0,70000000000.0,,
QH,CQ011,QH CQ011 BHZ ,38.210000,100.050000,0.0,70000000000.0,,
SC,PSFR,SC PSFR BHZ ,27.930000,104.540000,0.0,70000000000.0,,
NX,E0037,NX E0037 BHZ ,37.450000,105.840000,0.0,70000000000.0,,
YN,SSJ01,YN SSJ01 BHZ ,23.490000,99.840000,0.0,70000000000.0,,
HA,G0003,HA G0003 BHZ ,35.080000,114.760000,0.0,70000000000.0,,
LN,CX001,LN CX001 BHZ ,40.350000,123.160000,0.0,70000000000.0,,
GS,D0025,GS D0025 BHZ ,37.170000,103.710000,0.0,70000000000.0,,
SC,T2407,SC T2407 BHZ ,29.160000,102.410000,0.0,70000000000.0,,
NX,A0019,NX A0019 BHZ ,38.240000,106.360000,0.0,70000000000.0,,
NX,E0011,NX E0011 BHZ ,36.420000,105.520000,0.0,70000000000.0,,
XJ,WUS,XJ WUS BHZ ,41.200000,79.220000,0.0,70000000000.0,,
SC,RTA,SC RTA BHZ ,32.270000,100.980000,0.0,70000000000.0,,
FJ,CQ001,FJ CQ001 BHZ ,25.120000,118.920000,0.0,70000000000.0,,
SD,QY001,SD QY001 BHZ ,36.140000,118.610000,0.0,70000000000.0,,
FJ,G7008,FJ G7008 BHZ ,26.130000,117.770000,0.0,70000000000.0,,
HE,XIH,HE XIH BHZ ,37.530000,115.240000,0.0,70000000000.0,,
GD,Q0410,GD Q0410 BHZ ,21.870000,112.280000,0.0,70000000000.0,,
YN,G3103,YN G3103 BHZ ,23.010000,102.390000,0.0,70000000000.0,,
SD,C0038,SD C0038 BHZ ,36.510000,117.950000,0.0,70000000000.0,,
YN,C2804,YN C2804 BHZ ,27.560000,104.260000,0.0,70000000000.0,,
QH,D0002,QH D0002 BHZ ,35.670000,101.830000,0.0,70000000000.0,,
YN,JM001,YN JM001 BHZ ,23.130000,101.760000,0.0,70000000000.0,,
SC,U3104,SC U3104 BHZ ,32.990000,101.600000,0.0,70000000000.0,,
GD,D2301,GD D2301 BHZ ,23.430000,117.130000,0.0,70000000000.0,,
YN,D2616,YN D2616 BHZ ,26.310000,103.230000,0.0,70000000000.0,,
SD,C0030,SD C0030 BHZ ,36.670000,117.730000,0.0,70000000000.0,,
YN,S2706,YN S2706 BHZ ,23.350000,99.410000,0.0,70000000000.0,,
XZ,JDA,XZ JDA BHZ ,31.440000,98.140000,0.0,70000000000.0,,
XJ,P001C,XJ P001C BHZ ,38.040000,75.750000,0.0,70000000000.0,,
NX,C001B,NX C001B BHZ ,38.130000,106.050000,0.0,70000000000.0,,
YN,GJS01,YN GJS01 BHZ ,23.920000,102.890000,0.0,70000000000.0,,
XJ,Q0093,XJ Q0093 BHZ ,39.000000,77.100000,0.0,70000000000.0,,
SC,V3272,SC V3272 BHZ ,32.670000,98.230000,0.0,70000000000.0,,
XJ,P0056,XJ P0056 BHZ ,39.900000,74.400000,0.0,70000000000.0,,
SC,51LDL,SC 51LDL BHZ ,29.790000,102.230000,0.0,70000000000.0,,
YN,FXP01,YN FXP01 BHZ ,24.040000,101.990000,0.0,70000000000.0,,
SC,K2505,SC K2505 BHZ ,29.690000,104.950000,0.0,70000000000.0,,
SD,Q0054,SD Q0054 BHZ ,34.960000,117.800000,0.0,70000000000.0,,
XJ,P0022,XJ P0022 BHZ ,38.460000,75.960000,0.0,70000000000.0,,
XJ,A002A,XJ A002A BHZ ,43.890000,87.290000,0.0,70000000000.0,,
QH,C0033,QH C0033 BHZ ,37.540000,101.420000,0.0,70000000000.0,,
TJ,XT003,TJ XT003 BHZ ,39.160000,117.690000,0.0,70000000000.0,,
XJ,AJ004,XJ AJ004 BHZ ,43.870000,87.420000,0.0,70000000000.0,,
GD,M2406,GD M2406 BHZ ,23.620000,115.620000,0.0,70000000000.0,,
GS,EZ001,GS EZ001 BHZ ,34.990000,106.220000,0.0,70000000000.0,,
SC,V3710,SC V3710 BHZ ,29.300000,100.080000,0.0,70000000000.0,,
YN,D2606,YN D2606 BHZ ,26.800000,103.500000,0.0,70000000000.0,,
SC,KZ001,SC KZ001 BHZ ,29.770000,104.850000,0.0,70000000000.0,,
SD,M0001,SD M0001 BHZ ,37.170000,118.100000,0.0,70000000000.0,,
HE,T0009,HE T0009 BHZ ,37.160000,115.770000,0.0,70000000000.0,,
SX,C0014,SX C0014 BHZ ,37.960000,113.870000,0.0,70000000000.0,,
YN,K0106,YN K0106 BHZ ,22.370000,101.130000,0.0,70000000000.0,,
YN,KJH06,YN KJH06 BHZ ,22.190000,100.760000,0.0,70000000000.0,,
SD,J001A,SD J001A BHZ ,35.850000,116.800000,0.0,70000000000.0,,
GD,L2408,GD L2408 BHZ ,23.880000,114.100000,0.0,70000000000.0,,
SN,E0062,SN E0062 BHZ ,35.330000,110.020000,0.0,70000000000.0,,
FJ,A5006,FJ A5006 BHZ ,25.990000,119.610000,0.0,70000000000.0,,
XJ,KK002,XJ KK002 BHZ ,42.240000,88.190000,0.0,70000000000.0,,
XJ,PH001,XJ PH001 BHZ ,40.850000,77.970000,0.0,70000000000.0,,
GD,P0202,GD P0202 BHZ ,23.570000,114.620000,0.0,70000000000.0,,
GD,DH002,GD DH002 BHZ ,23.230000,116.780000,0.0,70000000000.0,,
HE,F0018,HE F0018 BHZ ,38.350000,115.000000,0.0,70000000000.0,,
SX,L0110,SX L0110 BHZ ,36.470000,111.110000,0.0,70000000000.0,,
HE,B1008,HE B1008 BHZ ,39.830000,117.740000,0.0,70000000000.0,,
SD,C0003,SD C0003 BHZ ,37.230000,117.680000,0.0,70000000000.0,,
HE,T0034,HE T0034 BHZ ,37.920000,116.060000,0.0,70000000000.0,,
GD,G8115,GD G8115 BHZ ,21.580000,110.060000,0.0,70000000000.0,,
GD,D1304,GD D1304 BHZ ,23.440000,116.330000,0.0,70000000000.0,,
YN,ES001,YN ES001 BHZ ,24.410000,101.960000,0.0,70000000000.0,,
GS,K000F,GS K000F BHZ ,33.450000,105.390000,0.0,70000000000.0,,
GS,K001C,GS K001C BHZ ,33.560000,104.650000,0.0,70000000000.0,,
SC,ZZLJ,SC ZZLJ BHZ ,29.910000,105.030000,0.0,70000000000.0,,
GS,E005D,GS E005D BHZ ,35.060000,106.100000,0.0,70000000000.0,,
SC,JAN,SC JAN BHZ ,28.810000,105.160000,0.0,70000000000.0,,
GD,H2305,GD H2305 BHZ ,23.630000,112.410000,0.0,70000000000.0,,
GD,YGJ,GD YGJ BHZ ,21.860000,111.960000,0.0,70000000000.0,,
QH,C0009,QH C0009 BHZ ,36.960000,100.980000,0.0,70000000000.0,,
SC,HLTA,SC HLTA BHZ ,26.350000,102.300000,0.0,70000000000.0,,
YN,C2244,YN C2244 BHZ ,27.330000,102.910000,0.0,70000000000.0,,
QH,ZEKNX,QH ZEKNX BHZ ,35.040000,100.890000,0.0,70000000000.0,,
HA,EL003,HA EL003 BHZ ,35.770000,113.930000,0.0,70000000000.0,,
SD,C0008,SD C0008 BHZ ,36.910000,118.060000,0.0,70000000000.0,,
HE,A0035,HE A0035 BHZ ,38.350000,114.430000,0.0,70000000000.0,,
GS,YJGST,GS YJGST BHZ ,35.960000,103.450000,0.0,70000000000.0,,
GS,J0029,GS J0029 BHZ ,34.970000,104.790000,0.0,70000000000.0,,
HE,J0020,HE J0020 BHZ ,38.120000,117.360000,0.0,70000000000.0,,
TJ,QD002,TJ QD002 BHZ ,39.420000,117.640000,0.0,70000000000.0,,
YN,C2239,YN C2239 BHZ ,27.400000,103.060000,0.0,70000000000.0,,
GD,PJ001,GD PJ001 BHZ ,23.500000,114.690000,0.0,70000000000.0,,
GS,J0027,GS J0027 BHZ ,35.250000,104.490000,0.0,70000000000.0,,
GS,HNIHS,GS HNIHS BHZ ,35.690000,105.070000,0.0,70000000000.0,,
FJ,E6103,FJ E6103 BHZ ,24.640000,117.680000,0.0,70000000000.0,,
HE,R0033,HE R0033 BHZ ,38.760000,116.510000,0.0,70000000000.0,,
YN,LE002,YN LE002 BHZ ,26.100000,99.770000,0.0,70000000000.0,,
SC,RLZJ,SC RLZJ BHZ ,30.970000,100.320000,0.0,70000000000.0,,
SD,Q0004,SD Q0004 BHZ ,35.150000,118.300000,0.0,70000000000.0,,
HE,B0051,HE B0051 BHZ ,39.420000,119.000000,0.0,70000000000.0,,
NX,D0044,NX D0044 BHZ ,36.030000,106.260000,0.0,70000000000.0,,
XJ,G000A,XJ G000A BHZ ,44.560000,85.520000,0.0,70000000000.0,,
XJ,N0005,XJ N0005 BHZ ,41.740000,80.630000,0.0,70000000000.0,,
HA,E001B,HA E001B BHZ ,36.110000,114.310000,0.0,70000000000.0,,
SD,M0021,SD M0021 BHZ ,37.930000,117.850000,0.0,70000000000.0,,
GD,E0802,GD E0802 BHZ ,22.940000,112.860000,0.0,70000000000.0,,
SC,W3504,SC W3504 BHZ ,28.840000,102.770000,0.0,70000000000.0,,
SC,51CDZ,SC 51CDZ BHZ ,30.560000,104.090000,0.0,70000000000.0,,
GD,Q8103,GD Q8103 BHZ ,22.490000,111.990000,0.0,70000000000.0,,
GD,H2304,GD H2304 BHZ ,23.750000,112.300000,0.0,70000000000.0,,
XJ,B005B,XJ B005B BHZ ,44.220000,87.560000,0.0,70000000000.0,,
GD,G8205,GD G8205 BHZ ,21.000000,110.040000,0.0,70000000000.0,,
GS,K004A,GS K004A BHZ ,33.850000,106.430000,0.0,70000000000.0,,
XJ,KS001,XJ KS001 BHZ ,42.870000,90.210000,0.0,70000000000.0,,
YN,53YXY,YN 53YXY BHZ ,25.060000,102.670000,0.0,70000000000.0,,
FJ,F1008,FJ F1008 BHZ ,24.660000,117.000000,0.0,70000000000.0,,
YN,SZ003,YN SZ003 BHZ ,23.750000,99.150000,0.0,70000000000.0,,
YN,DXW01,YN DXW01 BHZ ,26.090000,104.140000,0.0,70000000000.0,,
XJ,P0076,XJ P0076 BHZ ,40.030000,75.480000,0.0,70000000000.0,,
HE,F0075,HE F0075 BHZ ,38.760000,115.630000,0.0,70000000000.0,,
YN,C2702,YN C2702 BHZ ,27.660000,105.080000,0.0,70000000000.0,,
GS,GT002,GS GT002 BHZ ,39.740000,99.270000,0.0,70000000000.0,,
YN,N2403,YN N2403 BHZ ,24.570000,98.100000,0.0,70000000000.0,,
SC,ZZSK,SC ZZSK BHZ ,27.950000,102.710000,0.0,70000000000.0,,
SD,A003A,SD A003A BHZ ,36.590000,116.900000,0.0,70000000000.0,,
SX,L0071,SX L0071 BHZ ,35.900000,111.610000,0.0,70000000000.0,,
GS,E0014,GS E0014 BHZ ,34.230000,105.890000,0.0,70000000000.0,,
SD,NL001,SD NL001 BHZ ,37.340000,116.560000,0.0,70000000000.0,,
SC,B0403,SC B0403 BHZ ,31.430000,104.800000,0.0,70000000000.0,,
QH,CQ010,QH CQ010 BHZ ,38.180000,100.240000,0.0,70000000000.0,,
GS,P0018,GS P0018 BHZ ,34.460000,103.090000,0.0,70000000000.0,,
SC,V3419,SC V3419 BHZ ,29.580000,100.690000,0.0,70000000000.0,,
SX,B0078,SX B0078 BHZ ,39.440000,114.320000,0.0,70000000000.0,,
SC,VU003,SC VU003 BHZ ,31.380000,99.110000,0.0,70000000000.0,,
HI,CC002,HI CC002 BHZ ,19.950000,110.120000,0.0,70000000000.0,,
YN,C2515,YN C2515 BHZ ,28.320000,103.880000,0.0,70000000000.0,,
GS,JX002,GS JX002 BHZ ,35.180000,104.470000,0.0,70000000000.0,,
HE,D0070,HE D0070 BHZ ,36.830000,115.250000,0.0,70000000000.0,,
SC,B2713,SC B2713 BHZ ,32.160000,104.470000,0.0,70000000000.0,,
GS,BT203,GS BT203 BHZ ,39.740000,98.250000,0.0,70000000000.0,,
YN,G2507,YN G2507 BHZ ,23.980000,102.500000,0.0,70000000000.0,,
GS,FY201,GS FY201 BHZ ,40.000000,97.510000,0.0,70000000000.0,,
XJ,QJ006,XJ QJ006 BHZ ,39.470000,76.610000,0.0,70000000000.0,,
NX,B0006,NX B0006 BHZ ,38.720000,106.630000,0.0,70000000000.0,,
SX,L0053,SX L0053 BHZ ,36.100000,111.090000,0.0,70000000000.0,,
YN,C2522,YN C2522 BHZ ,27.620000,103.310000,0.0,70000000000.0,,
SC,Q2107,SC Q2107 BHZ ,28.860000,104.060000,0.0,70000000000.0,,
HE,EP001,HE EP001 BHZ ,37.210000,115.040000,0.0,70000000000.0,,
FJ,H9003,FJ H9003 BHZ ,27.090000,118.490000,0.0,70000000000.0,,
SC,B2710,SC B2710 BHZ ,32.260000,104.930000,0.0,70000000000.0,,
SC,MXI,SC MXI BHZ ,31.680000,103.850000,0.0,70000000000.0,,
SD,L000B,SD L000B BHZ ,35.410000,118.670000,0.0,70000000000.0,,
FJ,AM101,FJ AM101 BHZ ,26.200000,118.880000,0.0,70000000000.0,,
GD,P2304,GD P2304 BHZ ,24.370000,114.500000,0.0,70000000000.0,,
SN,E0046,SN E0046 BHZ ,34.850000,109.830000,0.0,70000000000.0,,
GD,J8109,GD J8109 BHZ ,22.170000,112.740000,0.0,70000000000.0,,
SD,P0051,SD P0051 BHZ ,36.030000,115.900000,0.0,70000000000.0,,
XJ,WQAJG,XJ WQAJG BHZ ,39.720000,73.950000,0.0,70000000000.0,,
YN,KMH04,YN KMH04 BHZ ,21.930000,100.160000,0.0,70000000000.0,,
GS,P000C,GS P000C BHZ ,34.080000,101.720000,0.0,70000000000.0,,
GS,AKXAK,GS AKXAK BHZ ,39.770000,93.480000,0.0,70000000000.0,,
GD,A1312,GD A1312 BHZ ,22.650000,113.570000,0.0,70000000000.0,,
JL,H0001,JL H0001 BHZ ,42.880000,129.500000,0.0,70000000000.0,,
BJ,AD003,BJ AD003 BHZ ,39.890000,116.440000,0.0,70000000000.0,,
SC,W2609,SC W2609 BHZ ,26.390000,102.740000,0.0,70000000000.0,,
GD,Q0202,GD Q0202 BHZ ,21.790000,111.890000,0.0,70000000000.0,,
XJ,F0014,XJ F0014 BHZ ,43.480000,80.780000,0.0,70000000000.0,,
HE,A0045,HE A0045 BHZ ,38.040000,114.370000,0.0,70000000000.0,,
XJ,EJ003,XJ EJ003 BHZ ,44.550000,83.590000,0.0,70000000000.0,,
GS,A0001,GS A0001 BHZ ,36.180000,103.590000,0.0,70000000000.0,,
HE,B0032,HE B0032 BHZ ,39.430000,118.450000,0.0,70000000000.0,,
HE,D0030,HE D0030 BHZ ,36.860000,114.940000,0.0,70000000000.0,,
HE,D0075,HE D0075 BHZ ,36.230000,114.980000,0.0,70000000000.0,,
SD,N0048,SD N0048 BHZ ,36.930000,116.490000,0.0,70000000000.0,,
GD,E0405,GD E0405 BHZ ,23.040000,113.100000,0.0,70000000000.0,,
SD,Q0088,SD Q0088 BHZ ,35.300000,118.110000,0.0,70000000000.0,,
HI,C0005,HI C0005 BHZ ,19.720000,110.200000,0.0,70000000000.0,,
SD,G003D,SD G003D BHZ ,36.630000,118.680000,0.0,70000000000.0,,
SD,AZ001,SD AZ001 BHZ ,36.540000,117.000000,0.0,70000000000.0,,
XJ,E0013,XJ E0013 BHZ ,44.930000,82.070000,0.0,70000000000.0,,
SC,Q2106,SC Q2106 BHZ ,29.040000,104.230000,0.0,70000000000.0,,
GS,JNICG,GS JNICG BHZ ,35.530000,105.770000,0.0,70000000000.0,,
YN,EDY03,YN EDY03 BHZ ,25.880000,101.090000,0.0,70000000000.0,,
YN,E0110,YN E0110 BHZ ,24.660000,101.090000,0.0,70000000000.0,,
GS,P0017,GS P0017 BHZ ,34.490000,103.770000,0.0,70000000000.0,,
YN,KM001,YN KM001 BHZ ,22.000000,100.630000,0.0,70000000000.0,,
GD,P2517,GD P2517 BHZ ,23.850000,114.900000,0.0,70000000000.0,,
GS,N003C,GS N003C BHZ ,35.530000,103.130000,0.0,70000000000.0,,
YN,C2716,YN C2716 BHZ ,27.340000,104.850000,0.0,70000000000.0,,
SC,V2671,SC V2671 BHZ ,30.860000,101.110000,0.0,70000000000.0,,
XJ,HCXSE,XJ HCXSE BHZ ,44.320000,81.020000,0.0,70000000000.0,,
HE,E0028,HE E0028 BHZ ,37.080000,114.870000,0.0,70000000000.0,,
SD,P000A,SD P000A BHZ ,36.510000,116.040000,0.0,70000000000.0,,
GS,K0094,GS K0094 BHZ ,34.240000,105.230000,0.0,70000000000.0,,
GX,CL001,GX CL001 BHZ ,25.240000,110.210000,0.0,70000000000.0,,
SC,W3406,SC W3406 BHZ ,28.700000,102.530000,0.0,70000000000.0,,
AH,N0008,AH N0008 BHZ ,31.410000,116.340000,0.0,70000000000.0,,
GS,J002E,GS J002E BHZ ,35.090000,104.460000,0.0,70000000000.0,,
SC,V0107,SC V0107 BHZ ,30.180000,102.220000,0.0,70000000000.0,,
SD,Q0067,SD Q0067 BHZ ,35.670000,118.190000,0.0,70000000000.0,,
HA,G0004,HA G0004 BHZ ,35.280000,114.850000,0.0,70000000000.0,,
YN,S2106,YN S2106 BHZ ,24.680000,100.030000,0.0,70000000000.0,,
QH,A0014,QH A0014 BHZ ,37.030000,101.740000,0.0,70000000000.0,,
GD,YND,GD YND BHZ ,24.130000,113.360000,0.0,70000000000.0,,
XJ,Q0028,XJ Q0028 BHZ ,39.380000,76.480000,0.0,70000000000.0,,
YN,DXW02,YN DXW02 BHZ ,26.110000,103.800000,0.0,70000000000.0,,
HE,FJ001,HE FJ001 BHZ ,39.390000,115.720000,0.0,70000000000.0,,
GS,N003F,GS N003F BHZ ,35.560000,103.030000,0.0,70000000000.0,,
GD,Q0205,GD Q0205 BHZ ,21.730000,111.930000,0.0,70000000000.0,,
SC,H1104,SC H1104 BHZ ,32.340000,105.710000,0.0,70000000000.0,,
XJ,B0019,XJ B0019 BHZ ,44.100000,88.600000,0.0,70000000000.0,,
XZ,BM001,XZ BM001 BHZ ,29.650000,98.600000,0.0,70000000000.0,,
QH,D0044,QH D0044 BHZ ,34.440000,102.010000,0.0,70000000000.0,,
XJ,GAZ,XJ GAZ BHZ ,43.530000,88.580000,0.0,70000000000.0,,
GS,HG011,GS HG011 BHZ ,37.580000,103.590000,0.0,70000000000.0,,
GD,J8312,GD J8312 BHZ ,22.550000,112.440000,0.0,70000000000.0,,
SC,HL001,SC HL001 BHZ ,32.530000,105.630000,0.0,70000000000.0,,
QH,CQ013,QH CQ013 BHZ ,37.970000,100.930000,0.0,70000000000.0,,
YN,CL001,YN CL001 BHZ ,27.220000,103.600000,0.0,70000000000.0,,
SD,R0041,SD R0041 BHZ ,35.280000,116.190000,0.0,70000000000.0,,
SC,Q2804,SC Q2804 BHZ ,28.400000,105.280000,0.0,70000000000.0,,
GD,SH001,GD SH001 BHZ ,22.990000,113.610000,0.0,70000000000.0,,
GD,T0008,GD T0008 BHZ ,22.630000,113.500000,0.0,70000000000.0,,
SC,A8305,SC A8305 BHZ ,30.390000,103.160000,0.0,70000000000.0,,
SC,Q2302,SC Q2302 BHZ ,28.600000,105.100000,0.0,70000000000.0,,
YN,P2415,YN P2415 BHZ ,27.280000,100.840000,0.0,70000000000.0,,
YN,CY009,YN CY009 BHZ ,27.940000,103.670000,0.0,70000000000.0,,
YN,C2505,YN C2505 BHZ ,27.760000,103.500000,0.0,70000000000.0,,
GD,L0307,GD L0307 BHZ ,22.960000,114.570000,0.0,70000000000.0,,
NX,A0018,NX A0018 BHZ ,38.030000,106.300000,0.0,70000000000.0,,
XJ,G0007,XJ G0007 BHZ ,44.910000,85.270000,0.0,70000000000.0,,
GD,Q0403,GD Q0403 BHZ ,21.850000,112.110000,0.0,70000000000.0,,
SC,X2302,SC X2302 BHZ ,30.060000,106.770000,0.0,70000000000.0,,
XJ,B0003,XJ B0003 BHZ ,44.100000,87.360000,0.0,70000000000.0,,
YN,F2302,YN F2302 BHZ ,24.180000,102.750000,0.0,70000000000.0,,
QH,EN017,QH EN017 BHZ ,35.810000,101.110000,0.0,70000000000.0,,
QH,B0042,QH B0042 BHZ ,36.660000,101.890000,0.0,70000000000.0,,
HA,E0003,HA E0003 BHZ ,35.360000,114.430000,0.0,70000000000.0,,
HE,F0093,HE F0093 BHZ ,38.770000,114.790000,0.0,70000000000.0,,
YN,G2903,YN G2903 BHZ ,23.170000,102.300000,0.0,70000000000.0,,
YN,C2326,YN C2326 BHZ ,28.180000,104.330000,0.0,70000000000.0,,
SD,E000E,SD E000E BHZ ,37.530000,118.840000,0.0,70000000000.0,,
FJ,J0007,FJ J0007 BHZ ,26.800000,119.380000,0.0,70000000000.0,,
SC,V3406,SC V3406 BHZ ,30.040000,100.120000,0.0,70000000000.0,,
SC,HJ002,SC HJ002 BHZ ,32.040000,105.470000,0.0,70000000000.0,,
SD,N0028,SD N0028 BHZ ,36.550000,116.470000,0.0,70000000000.0,,
SD,G0051,SD G0051 BHZ ,37.010000,118.790000,0.0,70000000000.0,,
XJ,BCXXH,XJ BCXXH BHZ ,39.730000,79.670000,0.0,70000000000.0,,
XJ,F0025,XJ F0025 BHZ ,44.390000,80.640000,0.0,70000000000.0,,
SC,51SFS,SC 51SFS BHZ ,31.400000,104.230000,0.0,70000000000.0,,
SX,L0120,SX L0120 BHZ ,35.760000,111.460000,0.0,70000000000.0,,
GD,S0001,GD S0001 BHZ ,22.940000,114.040000,0.0,70000000000.0,,
QH,BLG,QH BLG BHZ ,37.630000,96.640000,0.0,70000000000.0,,
SD,AP001,SD AP001 BHZ ,36.290000,116.460000,0.0,70000000000.0,,
GD,JT004,GD JT004 BHZ ,21.640000,112.580000,0.0,70000000000.0,,
XZ,D0003,XZ D0003 BHZ ,30.070000,86.940000,0.0,70000000000.0,,
SD,C002C,SD C002C BHZ ,36.830000,118.070000,0.0,70000000000.0,,
XJ,Q000F,XJ Q000F BHZ ,39.720000,78.410000,0.0,70000000000.0,,
QH,HUYBH,QH HUYBH BHZ ,36.660000,101.190000,0.0,70000000000.0,,
HE,EL001,HE EL001 BHZ ,37.510000,114.690000,0.0,70000000000.0,,
FJ,E6902,FJ E6902 BHZ ,24.320000,118.000000,0.0,70000000000.0,,
HE,RB001,HE RB001 BHZ ,39.540000,116.700000,0.0,70000000000.0,,
YN,C2128,YN C2128 BHZ ,27.110000,103.480000,0.0,70000000000.0,,
HI,F0003,HI F0003 BHZ ,19.510000,108.950000,0.0,70000000000.0,,
GD,PD001,GD PD001 BHZ ,23.830000,115.230000,0.0,70000000000.0,,
NX,C0008,NX C0008 BHZ ,37.470000,106.130000,0.0,70000000000.0,,
FJ,E6904,FJ E6904 BHZ ,24.410000,118.040000,0.0,70000000000.0,,
FJ,J1004,FJ J1004 BHZ ,26.700000,120.340000,0.0,70000000000.0,,
SC,KD001,SC KD001 BHZ ,29.620000,105.120000,0.0,70000000000.0,,
XZ,F0001,XZ F0001 BHZ ,30.770000,81.610000,0.0,70000000000.0,,
GD,A1407,GD A1407 BHZ ,23.380000,113.180000,0.0,70000000000.0,,
CQ,D0001,CQ D0001 BHZ ,29.720000,106.610000,0.0,70000000000.0,,
GD,X0602,GD X0602 BHZ ,22.870000,113.220000,0.0,70000000000.0,,
FJ,E6906,FJ E6906 BHZ ,24.380000,117.880000,0.0,70000000000.0,,
SC,V0110,SC V0110 BHZ ,30.090000,101.960000,0.0,70000000000.0,,
YN,G2406,YN G2406 BHZ ,23.730000,102.820000,0.0,70000000000.0,,
QH,F0009,QH F0009 BHZ ,33.320000,100.550000,0.0,70000000000.0,,
GD,K0407,GD K0407 BHZ ,21.610000,111.340000,0.0,70000000000.0,,
SC,V2502,SC V2502 BHZ ,29.720000,101.070000,0.0,70000000000.0,,
XZ,PLA,XZ PLA BHZ ,30.190000,81.270000,0.0,70000000000.0,,
HE,R0039,HE R0039 BHZ ,39.170000,116.540000,0.0,70000000000.0,,
FJ,C5505,FJ C5505 BHZ ,25.250000,118.190000,0.0,70000000000.0,,
GD,Y0506,GD Y0506 BHZ ,22.850000,112.960000,0.0,70000000000.0,,
FJ,EZ101,FJ EZ101 BHZ ,23.700000,117.190000,0.0,70000000000.0,,
SD,D0022,SD D0022 BHZ ,34.680000,117.400000,0.0,70000000000.0,,
YN,M2402,YN M2402 BHZ ,25.000000,99.840000,0.0,70000000000.0,,
GS,AH001,GS AH001 BHZ ,36.270000,103.020000,0.0,70000000000.0,,
BJ,TT003,BJ TT003 BHZ ,39.710000,116.790000,0.0,70000000000.0,,
SC,SPSBZ,SC SPSBZ BHZ ,32.610000,103.070000,0.0,70000000000.0,,
YN,EYR01,YN EYR01 BHZ ,26.040000,101.660000,0.0,70000000000.0,,
SC,V2202,SC V2202 BHZ ,30.030000,102.180000,0.0,70000000000.0,,
TJ,SHT,TJ SHT BHZ ,38.870000,116.910000,0.0,70000000000.0,,
QH,EG051,QH EG051 BHZ ,36.430000,101.010000,0.0,70000000000.0,,
SD,JN001,SD JN001 BHZ ,35.760000,116.830000,0.0,70000000000.0,,
YN,F2806,YN F2806 BHZ ,23.830000,102.090000,0.0,70000000000.0,,
JS,D0001,JS D0001 BHZ ,31.960000,119.940000,0.0,70000000000.0,,
HA,E0004,HA E0004 BHZ ,35.570000,114.560000,0.0,70000000000.0,,
HE,DA001,HE DA001 BHZ ,36.570000,114.490000,0.0,70000000000.0,,
FJ,J2007,FJ J2007 BHZ ,26.650000,119.110000,0.0,70000000000.0,,
YN,S2404,YN S2404 BHZ ,24.060000,98.970000,0.0,70000000000.0,,
XJ,SHZBQ,XJ SHZBQ BHZ ,44.500000,86.010000,0.0,70000000000.0,,
GS,K0086,GS K0086 BHZ ,34.020000,105.100000,0.0,70000000000.0,,
HA,J0020,HA J0020 BHZ ,35.880000,115.190000,0.0,70000000000.0,,
SX,XIJLQ,SX XIJLQ BHZ ,36.670000,110.860000,0.0,70000000000.0,,
XJ,BM001,XJ BM001 BHZ ,44.300000,86.220000,0.0,70000000000.0,,
SC,W2214,SC W2214 BHZ ,28.010000,101.480000,0.0,70000000000.0,,
HE,FUC,HE FUC BHZ ,37.860000,116.160000,0.0,70000000000.0,,
SC,V2703,SC V2703 BHZ ,31.740000,100.400000,0.0,70000000000.0,,
NX,E000C,NX E000C BHZ ,36.290000,105.920000,0.0,70000000000.0,,
XJ,Q008F,XJ Q008F BHZ ,39.010000,75.880000,0.0,70000000000.0,,
HE,J0053,HE J0053 BHZ ,38.330000,116.200000,0.0,70000000000.0,,
GD,B0901,GD B0901 BHZ ,22.730000,114.030000,0.0,70000000000.0,,
HE,ZAQ,HE ZAQ BHZ ,37.440000,115.860000,0.0,70000000000.0,,
SX,PUXPC,SX PUXPC BHZ ,36.430000,111.060000,0.0,70000000000.0,,
GD,L2203,GD L2203 BHZ ,23.290000,114.130000,0.0,70000000000.0,,
YN,C2514,YN C2514 BHZ ,28.420000,103.860000,0.0,70000000000.0,,
YN,ELF02,YN ELF02 BHZ ,25.390000,101.730000,0.0,70000000000.0,,
LN,B0066,LN B0066 BHZ ,39.810000,121.900000,0.0,70000000000.0,,
HE,J0005,HE J0005 BHZ ,38.250000,116.660000,0.0,70000000000.0,,
GS,N0044,GS N0044 BHZ ,35.510000,102.940000,0.0,70000000000.0,,
YN,M8101,YN M8101 BHZ ,25.120000,98.600000,0.0,70000000000.0,,
FJ,F1001,FJ F1001 BHZ ,24.710000,116.910000,0.0,70000000000.0,,
FJ,E6613,FJ E6613 BHZ ,24.560000,117.300000,0.0,70000000000.0,,
XJ,N0020,XJ N0020 BHZ ,40.910000,80.160000,0.0,70000000000.0,,
SC,UE005,SC UE005 BHZ ,33.280000,102.530000,0.0,70000000000.0,,
GS,P000B,GS P000B BHZ ,33.990000,102.070000,0.0,70000000000.0,,
YN,K2312,YN K2312 BHZ ,21.500000,101.570000,0.0,70000000000.0,,
GS,P0030,GS P0030 BHZ ,33.640000,104.430000,0.0,70000000000.0,,
SC,V3373,SC V3373 BHZ ,31.970000,100.710000,0.0,70000000000.0,,
GS,GLGMQ,GS GLGMQ BHZ ,37.410000,103.360000,0.0,70000000000.0,,
GS,K0055,GS K0055 BHZ ,33.890000,105.860000,0.0,70000000000.0,,
FJ,A2001,FJ A2001 BHZ ,26.000000,119.350000,0.0,70000000000.0,,
YN,C2205,YN C2205 BHZ ,26.760000,103.000000,0.0,70000000000.0,,
GD,V0205,GD V0205 BHZ ,23.540000,116.330000,0.0,70000000000.0,,
YN,J2306,YN J2306 BHZ ,24.350000,100.610000,0.0,70000000000.0,,
GS,L0029,GS L0029 BHZ ,35.490000,105.670000,0.0,70000000000.0,,
SC,WU002,SC WU002 BHZ ,28.700000,102.540000,0.0,70000000000.0,,
XJ,P0068,XJ P0068 BHZ ,39.330000,74.960000,0.0,70000000000.0,,
SD,N003E,SD N003E BHZ ,36.900000,116.100000,0.0,70000000000.0,,
SD,A0012,SD A0012 BHZ ,37.270000,117.340000,0.0,70000000000.0,,
SC,M2101,SC M2101 BHZ ,30.010000,105.010000,0.0,70000000000.0,,
LN,B000C,LN B000C BHZ ,38.840000,121.350000,0.0,70000000000.0,,
YN,J2601,YN J2601 BHZ ,22.690000,101.650000,0.0,70000000000.0,,
YN,S2307,YN S2307 BHZ ,24.210000,99.280000,0.0,70000000000.0,,
GS,HG015,GS HG015 BHZ ,37.380000,103.060000,0.0,70000000000.0,,
GS,A000E,GS A000E BHZ ,36.400000,103.400000,0.0,70000000000.0,,
XJ,Q007E,XJ Q007E BHZ ,37.770000,77.730000,0.0,70000000000.0,,
YN,J2405,YN J2405 BHZ ,23.220000,100.390000,0.0,70000000000.0,,
SD,Q0006,SD Q0006 BHZ ,35.060000,118.290000,0.0,70000000000.0,,
SD,G001B,SD G001B BHZ ,36.640000,118.810000,0.0,70000000000.0,,
SC,U2204,SC U2204 BHZ ,31.610000,103.220000,0.0,70000000000.0,,
YN,D2618,YN D2618 BHZ ,26.690000,103.330000,0.0,70000000000.0,,
SX,M0017,SX M0017 BHZ ,35.410000,111.110000,0.0,70000000000.0,,
HE,J0017,HE J0017 BHZ ,38.040000,117.500000,0.0,70000000000.0,,
XJ,YLIKE,XJ YLIKE BHZ ,40.920000,85.330000,0.0,70000000000.0,,
SD,GL001,SD GL001 BHZ ,36.210000,118.440000,0.0,70000000000.0,,
QH,JUZSH,QH JUZSH BHZ ,33.540000,100.930000,0.0,70000000000.0,,
GS,H001E,GS H001E BHZ ,38.840000,103.290000,0.0,70000000000.0,,
HE,F0142,HE F0142 BHZ ,39.070000,115.990000,0.0,70000000000.0,,
GD,G0302,GD G0302 BHZ ,20.950000,110.200000,0.0,70000000000.0,,
HE,F0069,HE F0069 BHZ ,38.870000,115.300000,0.0,70000000000.0,,
HE,T0019,HE T0019 BHZ ,37.810000,116.270000,0.0,70000000000.0,,
HE,F0085,HE F0085 BHZ ,38.550000,114.820000,0.0,70000000000.0,,
HE,T0002,HE T0002 BHZ ,38.200000,115.390000,0.0,70000000000.0,,
SC,VX001,SC VX001 BHZ ,28.740000,99.870000,0.0,70000000000.0,,
XJ,BQ001,XJ BQ001 BHZ ,44.010000,89.600000,0.0,70000000000.0,,
SD,QP002,SD QP002 BHZ ,35.680000,117.640000,0.0,70000000000.0,,
FJ,G5014,FJ G5014 BHZ ,25.530000,117.900000,0.0,70000000000.0,,
YN,J2312,YN J2312 BHZ ,24.300000,100.920000,0.0,70000000000.0,,
HL,C0002,HL C0002 BHZ ,44.580000,129.670000,0.0,70000000000.0,,
YN,M0212,YN M0212 BHZ ,24.910000,99.330000,0.0,70000000000.0,,
SD,Q0087,SD Q0087 BHZ ,35.260000,117.800000,0.0,70000000000.0,,
NX,B000E,NX B000E BHZ ,38.990000,106.750000,0.0,70000000000.0,,
SC,B2704,SC B2704 BHZ ,32.480000,104.380000,0.0,70000000000.0,,
HA,A0026,HA A0026 BHZ ,34.670000,113.920000,0.0,70000000000.0,,
SD,E0005,SD E0005 BHZ ,37.120000,118.350000,0.0,70000000000.0,,
LN,B003A,LN B003A BHZ ,39.530000,122.170000,0.0,70000000000.0,,
HE,MEC,HE MEC BHZ ,38.060000,117.110000,0.0,70000000000.0,,
HE,E0009,HE E0009 BHZ ,37.430000,114.500000,0.0,70000000000.0,,
GS,H0014,GS H0014 BHZ ,38.120000,103.160000,0.0,70000000000.0,,
YN,N0306,YN N0306 BHZ ,24.290000,98.190000,0.0,70000000000.0,,
NX,C002C,NX C002C BHZ ,37.160000,105.950000,0.0,70000000000.0,,
YN,F0301,YN F0301 BHZ ,24.320000,102.630000,0.0,70000000000.0,,
XZ,C0008,XZ C0008 BHZ ,29.370000,91.290000,0.0,70000000000.0,,
GS,H0029,GS H0029 BHZ ,36.970000,102.630000,0.0,70000000000.0,,
SC,A1606,SC A1606 BHZ ,30.440000,104.140000,0.0,70000000000.0,,
GS,H001D,GS H001D BHZ ,38.160000,103.250000,0.0,70000000000.0,,
FJ,YTGY,FJ YTGY BHZ ,25.840000,118.470000,0.0,70000000000.0,,
GD,P2405,GD P2405 BHZ ,24.220000,114.990000,0.0,70000000000.0,,
YN,M2105,YN M2105 BHZ ,24.670000,99.100000,0.0,70000000000.0,,
HE,AC001,HE AC001 BHZ ,38.050000,114.460000,0.0,70000000000.0,,
GD,M2306,GD M2306 BHZ ,23.940000,116.250000,0.0,70000000000.0,,
XJ,HCXHY,XJ HCXHY BHZ ,44.010000,81.030000,0.0,70000000000.0,,
SC,W3317,SC W3317 BHZ ,28.410000,101.850000,0.0,70000000000.0,,
HA,B0010,HA B0010 BHZ ,34.840000,115.030000,0.0,70000000000.0,,
SC,VF001,SC VF001 BHZ ,30.680000,101.390000,0.0,70000000000.0,,
XJ,P0034,XJ P0034 BHZ ,40.070000,76.710000,0.0,70000000000.0,,
YN,L2411,YN L2411 BHZ ,25.750000,100.590000,0.0,70000000000.0,,
SC,A2901,SC A2901 BHZ ,30.480000,103.710000,0.0,70000000000.0,,
YN,C2816,YN C2816 BHZ ,27.740000,104.140000,0.0,70000000000.0,,
SD,D001F,SD D001F BHZ ,35.160000,117.150000,0.0,70000000000.0,,
XJ,Q0087,XJ Q0087 BHZ ,37.630000,77.380000,0.0,70000000000.0,,
SC,Q2102,SC Q2102 BHZ ,28.500000,104.390000,0.0,70000000000.0,,
XJ,P0006,XJ P0006 BHZ ,40.840000,77.240000,0.0,70000000000.0,,
QH,A0047,QH A0047 BHZ ,36.760000,101.310000,0.0,70000000000.0,,
YN,CQJ02,YN CQJ02 BHZ ,27.250000,102.920000,0.0,70000000000.0,,
SN,F0009,SN F0009 BHZ ,33.510000,105.920000,0.0,70000000000.0,,
SC,W3307,SC W3307 BHZ ,28.210000,102.170000,0.0,70000000000.0,,
YN,G2503,YN G2503 BHZ ,23.860000,102.350000,0.0,70000000000.0,,
XJ,F000D,XJ F000D BHZ ,43.730000,81.410000,0.0,70000000000.0,,
HE,B0041,HE B0041 BHZ ,39.380000,118.590000,0.0,70000000000.0,,
SC,B2715,SC B2715 BHZ ,32.110000,104.800000,0.0,70000000000.0,,
SC,F8304,SC F8304 BHZ ,31.310000,104.100000,0.0,70000000000.0,,
XJ,B0052,XJ B0052 BHZ ,44.830000,86.430000,0.0,70000000000.0,,
GD,N8101,GD N8101 BHZ ,23.030000,115.840000,0.0,70000000000.0,,
YN,R0104,YN R0104 BHZ ,28.300000,99.630000,0.0,70000000000.0,,
NX,C001C,NX C001C BHZ ,37.890000,106.080000,0.0,70000000000.0,,
SD,JD002,SD JD002 BHZ ,35.940000,116.460000,0.0,70000000000.0,,
SC,WD001,SC WD001 BHZ ,27.200000,102.080000,0.0,70000000000.0,,
YN,M8104,YN M8104 BHZ ,25.200000,98.330000,0.0,70000000000.0,,
YN,D2504,YN D2504 BHZ ,25.810000,104.290000,0.0,70000000000.0,,
FJ,A5015,FJ A5015 BHZ ,25.860000,119.520000,0.0,70000000000.0,,
GS,L004D,GS L004D BHZ ,35.280000,106.090000,0.0,70000000000.0,,
GX,C0002,GX C0002 BHZ ,25.530000,110.700000,0.0,70000000000.0,,
TJ,CHK,TJ CHK BHZ ,39.520000,117.210000,0.0,70000000000.0,,
XJ,F0086,XJ F0086 BHZ ,43.990000,81.490000,0.0,70000000000.0,,
QH,DH026,QH DH026 BHZ ,34.730000,101.610000,0.0,70000000000.0,,
GD,XFY,GD XFY BHZ ,24.180000,114.150000,0.0,70000000000.0,,
GD,X0605,GD X0605 BHZ ,22.890000,113.120000,0.0,70000000000.0,,
FJ,DS002,FJ DS002 BHZ ,24.480000,118.100000,0.0,70000000000.0,,
YN,G2810,YN G2810 BHZ ,22.940000,102.690000,0.0,70000000000.0,,
FJ,QZH,FJ QZH BHZ ,24.940000,118.590000,0.0,70000000000.0,,
XJ,B000C,XJ B000C BHZ ,43.710000,86.930000,0.0,70000000000.0,,
SD,J0030,SD J0030 BHZ ,36.210000,116.950000,0.0,70000000000.0,,
HI,C0014,HI C0014 BHZ ,19.750000,109.710000,0.0,70000000000.0,,
SD,H0047,SD H0047 BHZ ,35.490000,116.390000,0.0,70000000000.0,,
GS,J002F,GS J002F BHZ ,35.110000,104.430000,0.0,70000000000.0,,
FJ,J1003,FJ J1003 BHZ ,26.940000,119.930000,0.0,70000000000.0,,
HE,E0015,HE E0015 BHZ ,36.860000,115.370000,0.0,70000000000.0,,
GS,P0016,GS P0016 BHZ ,34.560000,103.640000,0.0,70000000000.0,,
YN,J2816,YN J2816 BHZ ,22.510000,100.360000,0.0,70000000000.0,,
YN,C2714,YN C2714 BHZ ,27.610000,105.130000,0.0,70000000000.0,,
JX,B0004,JX B0004 BHZ ,24.960000,115.650000,0.0,70000000000.0,,
SD,QL001,SD QL001 BHZ ,34.980000,118.290000,0.0,70000000000.0,,
SD,Q006E,SD Q006E BHZ ,35.510000,118.530000,0.0,70000000000.0,,
HA,E0034,HA E0034 BHZ ,35.860000,114.390000,0.0,70000000000.0,,
XJ,A0011,XJ A0011 BHZ ,43.950000,88.000000,0.0,70000000000.0,,
GD,J8301,GD J8301 BHZ ,22.490000,112.560000,0.0,70000000000.0,,
XJ,N0045,XJ N0045 BHZ ,41.510000,82.240000,0.0,70000000000.0,,
GS,EQ002,GS EQ002 BHZ ,34.560000,105.560000,0.0,70000000000.0,,
SD,D0002,SD D0002 BHZ ,34.950000,117.510000,0.0,70000000000.0,,
HA,E002C,HA E002C BHZ ,35.900000,114.670000,0.0,70000000000.0,,
YN,YUM,YN YUM BHZ ,25.690000,101.860000,0.0,70000000000.0,,
SD,M003A,SD M003A BHZ ,37.520000,117.860000,0.0,70000000000.0,,
SD,H0004,SD H0004 BHZ ,35.470000,116.200000,0.0,70000000000.0,,
HE,J0051,HE J0051 BHZ ,37.620000,116.510000,0.0,70000000000.0,,
SX,L0005,SX L0005 BHZ ,36.610000,111.710000,0.0,70000000000.0,,
QH,D0008,QH D0008 BHZ ,35.300000,102.220000,0.0,70000000000.0,,
GD,J0402,GD J0402 BHZ ,22.580000,113.110000,0.0,70000000000.0,,
XJ,TEKQT,XJ TEKQT BHZ ,42.900000,81.770000,0.0,70000000000.0,,
FJ,B4301,FJ B4301 BHZ ,25.310000,119.210000,0.0,70000000000.0,,
GD,M8104,GD M8104 BHZ ,24.430000,115.750000,0.0,70000000000.0,,
CQ,BL001,CQ BL001 BHZ ,29.380000,106.530000,0.0,70000000000.0,,
GD,J8513,GD J8513 BHZ ,22.190000,112.300000,0.0,70000000000.0,,
GS,P0045,GS P0045 BHZ ,34.830000,102.570000,0.0,70000000000.0,,
FJ,B1005,FJ B1005 BHZ ,25.650000,119.040000,0.0,70000000000.0,,
GS,PZ001,GS PZ001 BHZ ,34.870000,103.860000,0.0,70000000000.0,,
XJ,A0008,XJ A0008 BHZ ,43.660000,87.770000,0.0,70000000000.0,,
ZJ,C0002,ZJ C0002 BHZ ,27.550000,119.720000,0.0,70000000000.0,,
YN,M8111,YN M8111 BHZ ,24.720000,98.560000,0.0,70000000000.0,,
SC,Q2901,SC Q2901 BHZ ,28.780000,104.300000,0.0,70000000000.0,,
TJ,KZ001,TJ KZ001 BHZ ,38.930000,117.460000,0.0,70000000000.0,,
HE,E0041,HE E0041 BHZ ,37.140000,115.660000,0.0,70000000000.0,,
SC,51QCQ,SC 51QCQ BHZ ,32.490000,104.930000,0.0,70000000000.0,,
SC,V3171,SC V3171 BHZ ,31.040000,99.580000,0.0,70000000000.0,,
GS,FG210,GS FG210 BHZ ,40.990000,95.820000,0.0,70000000000.0,,
SC,E0201,SC E0201 BHZ ,28.870000,105.370000,0.0,70000000000.0,,
TJ,XZZ,TJ XZZ BHZ ,38.660000,117.190000,0.0,70000000000.0,,
QH,BL003,QH BL003 BHZ ,36.480000,102.270000,0.0,70000000000.0,,
YN,D8123,YN D8123 BHZ ,26.180000,104.100000,0.0,70000000000.0,,
HE,E0006,HE E0006 BHZ ,37.290000,115.130000,0.0,70000000000.0,,
GD,VH003,GD VH003 BHZ ,23.020000,116.470000,0.0,70000000000.0,,
SX,L0098,SX L0098 BHZ ,36.120000,111.300000,0.0,70000000000.0,,
XZ,ES002,XZ ES002 BHZ ,31.890000,93.780000,0.0,70000000000.0,,
XZ,A0002,XZ A0002 BHZ ,29.710000,91.170000,0.0,70000000000.0,,
HE,B0059,HE B0059 BHZ ,39.260000,118.970000,0.0,70000000000.0,,
XJ,CS001,XJ CS001 BHZ ,44.300000,86.020000,0.0,70000000000.0,,
LN,B000D,LN B000D BHZ ,39.500000,122.600000,0.0,70000000000.0,,
XZ,CJ001,XZ CJ001 BHZ ,29.140000,92.580000,0.0,70000000000.0,,
YN,M0203,YN M0203 BHZ ,25.180000,99.270000,0.0,70000000000.0,,
SD,A0036,SD A0036 BHZ ,36.750000,117.220000,0.0,70000000000.0,,
YN,J2414,YN J2414 BHZ ,23.540000,100.200000,0.0,70000000000.0,,
GS,N0015,GS N0015 BHZ ,35.450000,103.430000,0.0,70000000000.0,,
XJ,AY001,XJ AY001 BHZ ,43.820000,87.550000,0.0,70000000000.0,,
GS,SUNHC,GS SUNHC BHZ ,37.830000,102.010000,0.0,70000000000.0,,
FJ,C5808,FJ C5808 BHZ ,24.530000,118.570000,0.0,70000000000.0,,
XJ,P0071,XJ P0071 BHZ ,39.840000,75.560000,0.0,70000000000.0,,
SC,A1401,SC A1401 BHZ ,30.880000,104.120000,0.0,70000000000.0,,
FJ,XMJM,FJ XMJM BHZ ,24.650000,117.970000,0.0,70000000000.0,,
GD,Q8108,GD Q8108 BHZ ,22.240000,111.770000,0.0,70000000000.0,,
YN,CSJ01,YN CSJ01 BHZ ,28.590000,103.980000,0.0,70000000000.0,,
YN,PYL04,YN PYL04 BHZ ,26.800000,99.840000,0.0,70000000000.0,,
GS,HG003,GS HG003 BHZ ,37.480000,103.530000,0.0,70000000000.0,,
HE,R0031,HE R0031 BHZ ,38.950000,116.310000,0.0,70000000000.0,,
SC,Q2303,SC Q2303 BHZ ,28.690000,105.130000,0.0,70000000000.0,,
YN,EL002,YN EL002 BHZ ,25.300000,101.920000,0.0,70000000000.0,,
FJ,J8001,FJ J8001 BHZ ,27.200000,120.200000,0.0,70000000000.0,,
GD,K0414,GD K0414 BHZ ,21.700000,111.410000,0.0,70000000000.0,,
YN,P2303,YN P2303 BHZ ,26.600000,101.060000,0.0,70000000000.0,,
GS,P001A,GS P001A BHZ ,34.970000,103.570000,0.0,70000000000.0,,
YN,M2103,YN M2103 BHZ ,24.720000,99.290000,0.0,70000000000.0,,
GS,E0028,GS E0028 BHZ ,34.860000,105.810000,0.0,70000000000.0,,
YN,RD005,YN RD005 BHZ ,28.940000,99.020000,0.0,70000000000.0,,
SD,Q0072,SD Q0072 BHZ ,35.590000,118.470000,0.0,70000000000.0,,
SD,J001F,SD J001F BHZ ,35.910000,117.510000,0.0,70000000000.0,,
GD,P2101,GD P2101 BHZ ,23.700000,114.810000,0.0,70000000000.0,,
XJ,Q000D,XJ Q000D BHZ ,39.330000,77.610000,0.0,70000000000.0,,
FJ,J4003,FJ J4003 BHZ ,27.260000,119.460000,0.0,70000000000.0,,
XJ,K0002,XJ K0002 BHZ ,43.050000,87.390000,0.0,70000000000.0,,
GD,Q0409,GD Q0409 BHZ ,22.010000,111.930000,0.0,70000000000.0,,
BJ,MD003,BJ MD003 BHZ ,39.690000,116.310000,0.0,70000000000.0,,
GS,D002C,GS D002C BHZ ,36.500000,104.530000,0.0,70000000000.0,,
HA,G0001,HA G0001 BHZ ,35.170000,114.640000,0.0,70000000000.0,,
SC,V2302,SC V2302 BHZ ,30.980000,102.030000,0.0,70000000000.0,,
GD,H8410,GD H8410 BHZ ,23.330000,112.660000,0.0,70000000000.0,,
YN,MLY01,YN MLY01 BHZ ,25.120000,99.150000,0.0,70000000000.0,,
SX,LY002,SX LY002 BHZ ,36.150000,111.190000,0.0,70000000000.0,,
JS,JIH,JS JIH BHZ ,32.950000,119.030000,0.0,70000000000.0,,
GS,A0017,GS A0017 BHZ ,35.810000,104.290000,0.0,70000000000.0,,
QH,C0035,QH C0035 BHZ ,37.900000,101.010000,0.0,70000000000.0,,
GD,N2101,GD N2101 BHZ ,22.850000,115.450000,0.0,70000000000.0,,
GS,K0046,GS K0046 BHZ ,33.910000,106.300000,0.0,70000000000.0,,
SC,UY007,SC UY007 BHZ ,33.000000,102.970000,0.0,70000000000.0,,
LN,H0021,LN H0021 BHZ ,40.060000,122.330000,0.0,70000000000.0,,
SC,CNSH,SC CNSH BHZ ,29.110000,104.660000,0.0,70000000000.0,,
QH,HUY,QH HUY BHZ ,36.660000,101.190000,0.0,70000000000.0,,
NX,A0022,NX A0022 BHZ ,38.290000,106.070000,0.0,70000000000.0,,
YN,D2602,YN D2602 BHZ ,26.640000,103.700000,0.0,70000000000.0,,
GS,L001C,GS L001C BHZ ,35.130000,105.720000,0.0,70000000000.0,,
TJ,WT001,TJ WT001 BHZ ,39.030000,116.770000,0.0,70000000000.0,,
TJ,CHT,TJ CHT BHZ ,39.230000,117.370000,0.0,70000000000.0,,
GS,XHEJX,GS XHEJX BHZ ,33.990000,105.190000,0.0,70000000000.0,,
GD,V8107,GD V8107 BHZ ,23.500000,116.180000,0.0,70000000000.0,,
SD,A0005,SD A0005 BHZ ,37.080000,117.000000,0.0,70000000000.0,,
FJ,A6005,FJ A6005 BHZ ,25.960000,119.220000,0.0,70000000000.0,,
LN,B0056,LN B0056 BHZ ,39.340000,122.330000,0.0,70000000000.0,,
SD,Q007A,SD Q007A BHZ ,35.340000,117.850000,0.0,70000000000.0,,
SC,B2306,SC B2306 BHZ ,31.140000,105.440000,0.0,70000000000.0,,
TJ,BL001,TJ BL001 BHZ ,39.070000,117.280000,0.0,70000000000.0,,
GS,D003E,GS D003E BHZ ,36.660000,105.020000,0.0,70000000000.0,,
HA,HLQKW,HA HLQKW BHZ ,35.770000,115.010000,0.0,70000000000.0,,
XJ,N0011,XJ N0011 BHZ ,41.340000,80.150000,0.0,70000000000.0,,
YN,LW001,YN LW001 BHZ ,25.360000,100.030000,0.0,70000000000.0,,
SC,T2502,SC T2502 BHZ ,30.120000,102.740000,0.0,70000000000.0,,
XJ,Q0026,XJ Q0026 BHZ ,39.710000,77.910000,0.0,70000000000.0,,
XJ,QY003,XJ QY003 BHZ ,39.190000,77.330000,0.0,70000000000.0,,
SC,Q2501,SC Q2501 BHZ ,28.540000,104.690000,0.0,70000000000.0,,
GS,E0050,GS E0050 BHZ ,34.600000,104.900000,0.0,70000000000.0,,
HE,E0008,HE E0008 BHZ ,37.510000,114.490000,0.0,70000000000.0,,
HE,B0124,HE B0124 BHZ ,40.070000,118.180000,0.0,70000000000.0,,
FJ,J6005,FJ J6005 BHZ ,27.230000,119.920000,0.0,70000000000.0,,
SC,E0301,SC E0301 BHZ ,28.660000,105.480000,0.0,70000000000.0,,
XJ,GLXAK,XJ GLXAK BHZ ,43.460000,81.900000,0.0,70000000000.0,,
HE,B0001,HE B0001 BHZ ,39.030000,118.470000,0.0,70000000000.0,,
GS,D0031,GS D0031 BHZ ,36.420000,105.050000,0.0,70000000000.0,,
HE,B1004,HE B1004 BHZ ,39.980000,118.260000,0.0,70000000000.0,,
SD,R005C,SD R005C BHZ ,35.710000,115.770000,0.0,70000000000.0,,
XJ,Q0088,XJ Q0088 BHZ ,38.860000,76.260000,0.0,70000000000.0,,
HE,A0060,HE A0060 BHZ ,38.260000,113.980000,0.0,70000000000.0,,
YN,C2238,YN C2238 BHZ ,27.150000,103.200000,0.0,70000000000.0,,
QH,E0023,QH E0023 BHZ ,36.120000,101.200000,0.0,70000000000.0,,
XJ,F0078,XJ F0078 BHZ ,43.820000,81.840000,0.0,70000000000.0,,
HE,SHZ,HE SHZ BHZ ,38.070000,115.560000,0.0,70000000000.0,,
QH,C0024,QH C0024 BHZ ,37.350000,101.610000,0.0,70000000000.0,,
SD,E0011,SD E0011 BHZ ,37.670000,118.680000,0.0,70000000000.0,,
SC,V2401,SC V2401 BHZ ,28.880000,101.190000,0.0,70000000000.0,,
SN,E0047,SN E0047 BHZ ,34.930000,109.980000,0.0,70000000000.0,,
YN,E2505,YN E2505 BHZ ,25.530000,101.380000,0.0,70000000000.0,,
BJ,C0006,BJ C0006 BHZ ,39.940000,116.470000,0.0,70000000000.0,,
XJ,F007C,XJ F007C BHZ ,43.950000,81.500000,0.0,70000000000.0,,
SX,M0107,SX M0107 BHZ ,34.740000,110.780000,0.0,70000000000.0,,
GS,E002F,GS E002F BHZ ,34.560000,105.420000,0.0,70000000000.0,,
YN,SCY03,YN SCY03 BHZ ,23.310000,99.510000,0.0,70000000000.0,,
SC,WC001,SC WC001 BHZ ,27.700000,102.320000,0.0,70000000000.0,,
GS,N0033,GS N0033 BHZ ,35.220000,103.650000,0.0,70000000000.0,,
HE,T0022,HE T0022 BHZ ,37.580000,116.090000,0.0,70000000000.0,,
SD,C001F,SD C001F BHZ ,36.880000,118.220000,0.0,70000000000.0,,
NX,C002D,NX C002D BHZ ,36.710000,106.330000,0.0,70000000000.0,,
YN,C2733,YN C2733 BHZ ,27.620000,105.220000,0.0,70000000000.0,,
BJ,ES004,BJ ES004 BHZ ,39.920000,116.200000,0.0,70000000000.0,,
XJ,BC003,XJ BC003 BHZ ,44.110000,87.280000,0.0,70000000000.0,,
FJ,E6203,FJ E6203 BHZ ,24.020000,117.270000,0.0,70000000000.0,,
XJ,E0002,XJ E0002 BHZ ,44.440000,81.830000,0.0,70000000000.0,,
XJ,M0006,XJ M0006 BHZ ,42.180000,87.060000,0.0,70000000000.0,,
SC,51ZG3,SC 51ZG3 BHZ ,29.340000,104.740000,0.0,70000000000.0,,
HE,A0109,HE A0109 BHZ ,38.220000,114.620000,0.0,70000000000.0,,
HE,JJ002,HE JJ002 BHZ ,38.310000,116.750000,0.0,70000000000.0,,
SN,E0075,SN E0075 BHZ ,35.220000,109.840000,0.0,70000000000.0,,
FJ,E6322,FJ E6322 BHZ ,24.050000,117.700000,0.0,70000000000.0,,
GS,P000D,GS P000D BHZ ,33.680000,101.560000,0.0,70000000000.0,,
YN,R0116,YN R0116 BHZ ,27.640000,99.740000,0.0,70000000000.0,,
XJ,AT001,XJ AT001 BHZ ,43.840000,87.710000,0.0,70000000000.0,,
SC,MGLH,SC MGLH BHZ ,28.140000,103.210000,0.0,70000000000.0,,
SC,51LSL,SC 51LSL BHZ ,29.530000,103.820000,0.0,70000000000.0,,
YN,C2715,YN C2715 BHZ ,27.750000,104.920000,0.0,70000000000.0,,
QH,C0052,QH C0052 BHZ ,37.780000,100.300000,0.0,70000000000.0,,
GD,A1105,GD A1105 BHZ ,23.160000,113.200000,0.0,70000000000.0,,
YN,JMJ02,YN JMJ02 BHZ ,23.160000,101.830000,0.0,70000000000.0,,
XJ,TOKQM,XJ TOKQM BHZ ,43.020000,88.290000,0.0,70000000000.0,,
GS,D001B,GS D001B BHZ ,36.140000,105.340000,0.0,70000000000.0,,
SC,W3308,SC W3308 BHZ ,28.810000,102.280000,0.0,70000000000.0,,
SC,U2773,SC U2773 BHZ ,31.600000,102.370000,0.0,70000000000.0,,
GS,N0031,GS N0031 BHZ ,35.770000,102.880000,0.0,70000000000.0,,
XJ,QB002,XJ QB002 BHZ ,39.270000,77.650000,0.0,70000000000.0,,
QH,DJ049,QH DJ049 BHZ ,35.940000,102.020000,0.0,70000000000.0,,
XJ,F0047,XJ F0047 BHZ ,43.530000,82.900000,0.0,70000000000.0,,
LN,B004B,LN B004B BHZ ,39.950000,122.980000,0.0,70000000000.0,,
GD,M8103,GD M8103 BHZ ,24.270000,115.670000,0.0,70000000000.0,,
FJ,G5008,FJ G5008 BHZ ,26.040000,117.880000,0.0,70000000000.0,,
SX,L0066,SX L0066 BHZ ,35.700000,111.640000,0.0,70000000000.0,,
SX,M0001,SX M0001 BHZ ,35.700000,111.110000,0.0,70000000000.0,,
SC,T2402,SC T2402 BHZ ,29.400000,102.120000,0.0,70000000000.0,,
SC,V3707,SC V3707 BHZ ,29.040000,100.300000,0.0,70000000000.0,,
GD,V2213,GD V2213 BHZ ,23.390000,115.790000,0.0,70000000000.0,,
SC,Q0301,SC Q0301 BHZ ,28.960000,104.900000,0.0,70000000000.0,,
GX,AM001,GX AM001 BHZ ,23.710000,108.180000,0.0,70000000000.0,,
SC,W3713,SC W3713 BHZ ,28.550000,103.680000,0.0,70000000000.0,,
GS,E0030,GS E0030 BHZ ,34.460000,105.510000,0.0,70000000000.0,,
YN,N2305,YN N2305 BHZ ,25.110000,97.930000,0.0,70000000000.0,,
GD,L2402,GD L2402 BHZ ,23.610000,114.300000,0.0,70000000000.0,,
GS,P0009,GS P0009 BHZ ,34.420000,102.290000,0.0,70000000000.0,,
GS,E0009,GS E0009 BHZ ,34.720000,105.150000,0.0,70000000000.0,,
GD,J8111,GD J8111 BHZ ,22.250000,112.620000,0.0,70000000000.0,,
SC,E2101,SC E2101 BHZ ,28.980000,105.570000,0.0,70000000000.0,,
XJ,LTA,XJ LTA BHZ ,42.020000,84.170000,0.0,70000000000.0,,
SC,H1201,SC H1201 BHZ ,32.820000,105.870000,0.0,70000000000.0,,
HE,EX002,HE EX002 BHZ ,37.010000,114.190000,0.0,70000000000.0,,
SC,V2510,SC V2510 BHZ ,30.380000,101.130000,0.0,70000000000.0,,
HE,J0040,HE J0040 BHZ ,38.670000,116.870000,0.0,70000000000.0,,
GS,AY005,GS AY005 BHZ ,36.650000,103.030000,0.0,70000000000.0,,
GS,E0029,GS E0029 BHZ ,34.970000,106.030000,0.0,70000000000.0,,
TJ,W0003,TJ W0003 BHZ ,38.980000,116.910000,0.0,70000000000.0,,
SC,51SWH,SC 51SWH BHZ ,29.320000,103.600000,0.0,70000000000.0,,
HE,B0122,HE B0122 BHZ ,40.170000,117.860000,0.0,70000000000.0,,
FJ,E6316,FJ E6316 BHZ ,24.000000,117.800000,0.0,70000000000.0,,
QH,B0075,QH B0075 BHZ ,36.000000,102.120000,0.0,70000000000.0,,
JS,AC001,JS AC001 BHZ ,31.330000,118.900000,0.0,70000000000.0,,
SC,V3472,SC V3472 BHZ ,30.350000,100.300000,0.0,70000000000.0,,
SC,VH005,SC VH005 BHZ ,31.630000,100.310000,0.0,70000000000.0,,
YN,K2309,YN K2309 BHZ ,22.230000,101.350000,0.0,70000000000.0,,
GS,H0019,GS H0019 BHZ ,38.860000,103.620000,0.0,70000000000.0,,
GD,B0701,GD B0701 BHZ ,22.650000,114.570000,0.0,70000000000.0,,
SC,V3277,SC V3277 BHZ ,32.720000,98.380000,0.0,70000000000.0,,
FJ,B4013,FJ B4013 BHZ ,25.210000,118.740000,0.0,70000000000.0,,
NX,E0015,NX E0015 BHZ ,36.410000,105.890000,0.0,70000000000.0,,
GD,PZ001,GD PZ001 BHZ ,23.490000,115.050000,0.0,70000000000.0,,
GD,M2311,GD M2311 BHZ ,24.060000,116.460000,0.0,70000000000.0,,
QH,B0043,QH B0043 BHZ ,36.790000,101.840000,0.0,70000000000.0,,
GS,WSXWQ,GS WSXWQ BHZ ,34.660000,105.050000,0.0,70000000000.0,,
HA,LTQBJ,HA LTQBJ BHZ ,34.820000,114.340000,0.0,70000000000.0,,
GD,K8111,GD K8111 BHZ ,22.220000,111.300000,0.0,70000000000.0,,
XJ,P003F,XJ P003F BHZ ,40.290000,77.340000,0.0,70000000000.0,,
SD,G0043,SD G0043 BHZ ,36.760000,118.430000,0.0,70000000000.0,,
GS,L0024,GS L0024 BHZ ,35.270000,105.600000,0.0,70000000000.0,,
GS,HL203,GS HL203 BHZ ,37.960000,102.500000,0.0,70000000000.0,,
XJ,Q002A,XJ Q002A BHZ ,39.790000,76.920000,0.0,70000000000.0,,
YN,G2508,YN G2508 BHZ ,23.800000,102.540000,0.0,70000000000.0,,
SC,H2210,SC H2210 BHZ ,32.450000,104.820000,0.0,70000000000.0,,
SC,W2906,SC W2906 BHZ ,27.720000,102.940000,0.0,70000000000.0,,
GD,H0408,GD H0408 BHZ ,23.030000,112.520000,0.0,70000000000.0,,
QH,B0078,QH B0078 BHZ ,36.110000,102.450000,0.0,70000000000.0,,
SC,HYFL,SC HYFL BHZ ,29.360000,102.620000,0.0,70000000000.0,,
GX,A0001,GX A0001 BHZ ,22.860000,108.420000,0.0,70000000000.0,,
GS,AZ001,GS AZ001 BHZ ,36.110000,104.470000,0.0,70000000000.0,,
SX,L0078,SX L0078 BHZ ,35.720000,111.360000,0.0,70000000000.0,,
GS,N0018,GS N0018 BHZ ,35.570000,103.750000,0.0,70000000000.0,,
XJ,P000B,XJ P000B BHZ ,40.660000,78.360000,0.0,70000000000.0,,
GS,E000A,GS E000A BHZ ,34.670000,105.260000,0.0,70000000000.0,,
GS,N0043,GS N0043 BHZ ,35.540000,103.250000,0.0,70000000000.0,,
GS,P0043,GS P0043 BHZ ,34.990000,102.900000,0.0,70000000000.0,,
SC,C2104,SC C2104 BHZ ,29.360000,104.260000,0.0,70000000000.0,,
SC,XDZY,SC XDZY BHZ ,28.260000,102.370000,0.0,70000000000.0,,
FJ,A9008,FJ A9008 BHZ ,26.140000,118.740000,0.0,70000000000.0,,
SC,F2303,SC F2303 BHZ ,30.780000,104.860000,0.0,70000000000.0,,
SD,H002E,SD H002E BHZ ,35.670000,116.570000,0.0,70000000000.0,,
SC,W3402,SC W3402 BHZ ,28.360000,102.770000,0.0,70000000000.0,,
GX,MH004,GX MH004 BHZ ,25.180000,108.520000,0.0,70000000000.0,,
YN,N0307,YN N0307 BHZ ,24.450000,98.440000,0.0,70000000000.0,,
QH,C0046,QH C0046 BHZ ,37.650000,101.120000,0.0,70000000000.0,,
SD,AT001,SD AT001 BHZ ,36.710000,116.950000,0.0,70000000000.0,,
HE,WBH,HE WBH BHZ ,39.670000,117.050000,0.0,70000000000.0,,
SC,Z2305,SC Z2305 BHZ ,29.660000,103.110000,0.0,70000000000.0,,
SX,M0085,SX M0085 BHZ ,35.540000,111.030000,0.0,70000000000.0,,
YN,LYP01,YN LYP01 BHZ ,25.490000,99.520000,0.0,70000000000.0,,
NX,E002F,NX E002F BHZ ,37.530000,105.070000,0.0,70000000000.0,,
SC,U3203,SC U3203 BHZ ,34.130000,103.040000,0.0,70000000000.0,,
SD,G003A,SD G003A BHZ ,36.590000,118.600000,0.0,70000000000.0,,
YN,C2847,YN C2847 BHZ ,27.830000,104.680000,0.0,70000000000.0,,
GD,U0304,GD U0304 BHZ ,23.480000,116.690000,0.0,70000000000.0,,
YN,E0112,YN E0112 BHZ ,24.570000,101.270000,0.0,70000000000.0,,
QH,F0028,QH F0028 BHZ ,33.920000,100.790000,0.0,70000000000.0,,
FJ,C5414,FJ C5414 BHZ ,25.250000,117.970000,0.0,70000000000.0,,
HE,E0063,HE E0063 BHZ ,37.080000,113.950000,0.0,70000000000.0,,
GD,G0402,GD G0402 BHZ ,21.390000,110.450000,0.0,70000000000.0,,
TJ,PH001,TJ PH001 BHZ ,39.450000,117.260000,0.0,70000000000.0,,
YN,LX001,YN LX001 BHZ ,25.570000,100.740000,0.0,70000000000.0,,
GS,N0056,GS N0056 BHZ ,35.980000,103.380000,0.0,70000000000.0,,
QH,C0042,QH C0042 BHZ ,37.710000,100.670000,0.0,70000000000.0,,
GS,J0063,GS J0063 BHZ ,35.010000,103.990000,0.0,70000000000.0,,
LN,B0015,LN B0015 BHZ ,39.260000,121.620000,0.0,70000000000.0,,
SC,J2206,SC J2206 BHZ ,30.930000,105.320000,0.0,70000000000.0,,
YN,P2407,YN P2407 BHZ ,26.870000,99.710000,0.0,70000000000.0,,
SC,V2711,SC V2711 BHZ ,31.700000,100.920000,0.0,70000000000.0,,
XJ,Q006A,XJ Q006A BHZ ,39.260000,76.070000,0.0,70000000000.0,,
SD,J0016,SD J0016 BHZ ,35.750000,116.710000,0.0,70000000000.0,,
GD,PH001,GD PH001 BHZ ,24.260000,114.810000,0.0,70000000000.0,,
TJ,XH001,TJ XH001 BHZ ,39.090000,117.580000,0.0,70000000000.0,,
SC,YTJH,SC YTJH BHZ ,29.160000,104.860000,0.0,70000000000.0,,
XJ,AT002,XJ AT002 BHZ ,43.790000,87.630000,0.0,70000000000.0,,
GD,XWX,GD XWX BHZ ,20.350000,109.930000,0.0,70000000000.0,,
NX,E000E,NX E000E BHZ ,36.180000,105.700000,0.0,70000000000.0,,
GS,JA002,GS JA002 BHZ ,35.550000,104.590000,0.0,70000000000.0,,
XJ,BH002,XJ BH002 BHZ ,44.550000,86.730000,0.0,70000000000.0,,
SD,N0026,SD N0026 BHZ ,36.440000,116.520000,0.0,70000000000.0,,
HE,A0069,HE A0069 BHZ ,38.290000,113.870000,0.0,70000000000.0,,
FJ,F1004,FJ F1004 BHZ ,24.630000,116.560000,0.0,70000000000.0,,
HE,XB001,HE XB001 BHZ ,38.920000,115.930000,0.0,70000000000.0,,
SD,H0021,SD H0021 BHZ ,35.440000,117.090000,0.0,70000000000.0,,
SC,QX001,SC QX001 BHZ ,28.280000,104.820000,0.0,70000000000.0,,
SC,W2510,SC W2510 BHZ ,26.650000,102.340000,0.0,70000000000.0,,
FJ,ZZJH,FJ ZZJH BHZ ,24.470000,117.630000,0.0,70000000000.0,,
HE,JNX,HE JNX BHZ ,38.030000,114.150000,0.0,70000000000.0,,
HE,D0066,HE D0066 BHZ ,36.670000,114.460000,0.0,70000000000.0,,
XJ,P0040,XJ P0040 BHZ ,40.350000,77.470000,0.0,70000000000.0,,
FJ,D2501,FJ D2501 BHZ ,24.670000,118.210000,0.0,70000000000.0,,
XJ,P006F,XJ P006F BHZ ,39.740000,75.480000,0.0,70000000000.0,,
GS,J004F,GS J004F BHZ ,35.050000,105.260000,0.0,70000000000.0,,
FJ,J8004,FJ J8004 BHZ ,27.160000,120.330000,0.0,70000000000.0,,
FJ,C5411,FJ C5411 BHZ ,25.300000,117.850000,0.0,70000000000.0,,
NX,EH002,NX EH002 BHZ ,36.450000,105.960000,0.0,70000000000.0,,
SC,B2209,SC B2209 BHZ ,30.790000,105.180000,0.0,70000000000.0,,
SD,Q004B,SD Q004B BHZ ,34.710000,118.000000,0.0,70000000000.0,,
SC,A8471,SC A8471 BHZ ,30.800000,103.390000,0.0,70000000000.0,,
XJ,G0012,XJ G0012 BHZ ,43.910000,85.810000,0.0,70000000000.0,,
FJ,CL001,FJ CL001 BHZ ,24.890000,118.550000,0.0,70000000000.0,,
SC,FS002,SC FS002 BHZ ,31.060000,104.120000,0.0,70000000000.0,,
YN,LH001,YN LH001 BHZ ,26.360000,100.200000,0.0,70000000000.0,,
GS,E0027,GS E0027 BHZ ,35.140000,105.600000,0.0,70000000000.0,,
XJ,F005B,XJ F005B BHZ ,43.400000,83.260000,0.0,70000000000.0,,
YN,J2210,YN J2210 BHZ ,23.180000,101.490000,0.0,70000000000.0,,
TJ,AX001,TJ AX001 BHZ ,39.130000,117.200000,0.0,70000000000.0,,
HA,F0005,HA F0005 BHZ ,35.750000,114.590000,0.0,70000000000.0,,
SC,U2607,SC U2607 BHZ ,31.420000,102.040000,0.0,70000000000.0,,
YN,R2206,YN R2206 BHZ ,28.580000,99.170000,0.0,70000000000.0,,
SC,A2401,SC A2401 BHZ ,30.890000,103.940000,0.0,70000000000.0,,
GD,P2407,GD P2407 BHZ ,24.360000,114.810000,0.0,70000000000.0,,
QH,HULZB,QH HULZB BHZ ,36.270000,101.980000,0.0,70000000000.0,,
GS,K0096,GS K0096 BHZ ,33.930000,104.850000,0.0,70000000000.0,,
SC,U3206,SC U3206 BHZ ,33.870000,102.560000,0.0,70000000000.0,,
HE,B0092,HE B0092 BHZ ,40.180000,118.560000,0.0,70000000000.0,,
YN,P2205,YN P2205 BHZ ,26.560000,100.470000,0.0,70000000000.0,,
XJ,Q0044,XJ Q0044 BHZ ,39.050000,77.890000,0.0,70000000000.0,,
YN,AD004,YN AD004 BHZ ,26.370000,103.040000,0.0,70000000000.0,,
XJ,M0008,XJ M0008 BHZ ,43.030000,86.060000,0.0,70000000000.0,,
GD,M0203,GD M0203 BHZ ,24.350000,116.080000,0.0,70000000000.0,,
GS,L0021,GS L0021 BHZ ,35.620000,105.690000,0.0,70000000000.0,,
GD,D1104,GD D1104 BHZ ,23.440000,116.830000,0.0,70000000000.0,,
SC,51DST,SC 51DST BHZ ,29.220000,105.140000,0.0,70000000000.0,,
HI,AX001,HI AX001 BHZ ,20.010000,110.270000,0.0,70000000000.0,,
SC,JZGDL,SC JZGDL BHZ ,33.560000,103.670000,0.0,70000000000.0,,
GS,K0064,GS K0064 BHZ ,33.580000,105.750000,0.0,70000000000.0,,
TJ,A0008,TJ A0008 BHZ ,39.180000,117.230000,0.0,70000000000.0,,
XJ,C0007,XJ C0007 BHZ ,44.330000,86.070000,0.0,70000000000.0,,
SC,T0205,SC T0205 BHZ ,29.730000,103.020000,0.0,70000000000.0,,
GS,L0020,GS L0020 BHZ ,35.230000,105.690000,0.0,70000000000.0,,
AH,GT001,AH GT001 BHZ ,30.970000,117.840000,0.0,70000000000.0,,
YN,R0108,YN R0108 BHZ ,27.840000,99.920000,0.0,70000000000.0,,
YN,M2303,YN M2303 BHZ ,24.750000,98.670000,0.0,70000000000.0,,
LN,B002B,LN B002B BHZ ,39.690000,121.600000,0.0,70000000000.0,,
SX,L0014,SX L0014 BHZ ,36.410000,111.660000,0.0,70000000000.0,,
AH,MD001,AH MD001 BHZ ,32.540000,117.680000,0.0,70000000000.0,,
GD,K8203,GD K8203 BHZ ,21.550000,110.520000,0.0,70000000000.0,,
YN,ZHY,YN ZHY BHZ ,24.000000,101.110000,0.0,70000000000.0,,
BR,B1001,BR B1001 BHZ ,50.540284,122.835277,0.0,70000000000.0,,
BR,B1002,BR B1002 BHZ ,47.882807,126.372417,0.0,70000000000.0,,
BR,B1003,BR B1003 BHZ ,44.966356,118.996433,0.0,70000000000.0,,
BR,B1004,BR B1004 BHZ ,42.508516,113.487846,0.0,70000000000.0,,
BR,B1005,BR B1005 BHZ ,44.202992,124.458444,0.0,70000000000.0,,
BR,B1006,BR B1006 BHZ ,31.933670,112.532909,0.0,70000000000.0,,
BR,B1007,BR B1007 BHZ ,30.506695,110.776604,0.0,70000000000.0,,
BR,B1008,BR B1008 BHZ ,29.832341,113.372568,0.0,70000000000.0,,
BR,B1009,BR B1009 BHZ ,29.506178,119.938708,0.0,70000000000.0,,
BR,B1010,BR B1010 BHZ ,27.989498,115.593485,0.0,70000000000.0,,
BR,B1011,BR B1011 BHZ ,28.111017,111.882067,0.0,70000000000.0,,
BR,B1012,BR B1012 BHZ ,36.611909,87.293293,0.0,70000000000.0,,
BR,B1013,BR B1013 BHZ ,34.857581,84.092902,0.0,70000000000.0,,
BR,B1014,BR B1014 BHZ ,38.338196,85.300670,0.0,70000000000.0,,
BR,B1015,BR B1015 BHZ ,32.980486,89.599390,0.0,70000000000.0,,
BR,B1016,BR B1016 BHZ ,47.206694,88.454629,0.0,70000000000.0,,
BR,B1017,BR B1017 BHZ ,41.359731,101.630415,0.0,70000000000.0,,
BR,B1018,BR B1018 BHZ ,40.149489,109.673530,0.0,70000000000.0,,
BR,B1019,BR B1019 BHZ ,38.375656,111.586812,0.0,70000000000.0,,
BR,B1020,BR B1020 BHZ ,42.813040,118.777368,0.0,70000000000.0,,
BR,B1021,BR B1021 BHZ ,42.611495,122.848683,0.0,70000000000.0,,
BR,B1022,BR B1022 BHZ ,44.219674,115.213243,0.0,70000000000.0,,
BR,B1023,BR B1023 BHZ ,47.321596,121.597917,0.0,70000000000.0,,
BR,B1024,BR B1024 BHZ ,46.444258,131.403928,0.0,70000000000.0,,
BR,B1025,BR B1025 BHZ ,28.426179,108.674146,0.0,70000000000.0,,
BR,B1026,BR B1026 BHZ ,36.739056,108.651952,0.0,70000000000.0,,
BR,B1027,BR B1027 BHZ ,32.942719,110.162489,0.0,70000000000.0,,
BR,B1028,BR B1028 BHZ ,33.269165,115.040944,0.0,70000000000.0,,
BR,B1029,BR B1029 BHZ ,34.773843,97.311455,0.0,70000000000.0,,
BR,B1030,BR B1030 BHZ ,33.604675,86.371559,0.0,70000000000.0,,
BR,B1031,BR B1031 BHZ ,35.327676,80.626698,0.0,70000000000.0,,
BR,B1032,BR B1032 BHZ ,41.888687,93.344201,0.0,70000000000.0,,
BR,B1033,BR B1033 BHZ ,39.010990,89.958748,0.0,70000000000.0,,
BR,B1034,BR B1034 BHZ ,35.627363,91.227780,0.0,70000000000.0,,
